Time,Date,Year,Away Team,Away Team 1st,Away Team 2nd,Away Team 3rd,Away Team 4th,Away Team OT,Home Team,Home Team 1st,Home Team 2nd,Home Team 3rd,Home Team 4th,Home Team OT
08:00 PM, October 22,2019,New Orleans Pelicans,30,31,25,31,5,Toronto Raptors,27,29,32,29,13
10:30 PM, October 22,2019,Los Angeles Lakers,25,29,31,17,0,LA Clippers,22,40,23,27,0
07:00 PM, October 23,2019,Chicago Bulls,28,27,40,30,0,Charlotte Hornets,37,26,33,30,0
07:00 PM, October 23,2019,Detroit Pistons,27,27,29,36,0,Indiana Pacers,24,31,31,24,0
07:00 PM, October 23,2019,Cleveland Cavaliers,24,17,24,20,0,Orlando Magic,28,27,16,23,0
07:30 PM, October 23,2019,Minnesota Timberwolves,33,35,20,27,12,Brooklyn Nets,22,34,37,22,11
07:30 PM, October 23,2019,Memphis Grizzlies,32,28,24,17,0,Miami Heat,24,30,29,37,0
07:30 PM, October 23,2019,Boston Celtics,25,23,20,25,0,Philadelphia 76ers,20,29,28,30,0
08:30 PM, October 23,2019,Washington Wizards,25,23,20,32,0,Dallas Mavericks,24,38,29,17,0
08:30 PM, October 23,2019,New York Knicks,15,36,33,27,0,San Antonio Spurs,22,37,24,37,0
09:00 PM, October 23,2019,Oklahoma City Thunder,12,34,28,21,0,Utah Jazz,23,26,19,32,0
10:00 PM, October 23,2019,Sacramento Kings,29,30,17,19,0,Phoenix Suns,25,29,32,38,0
10:00 PM, October 23,2019,Denver Nuggets,24,30,19,35,0,Portland Trail Blazers,27,23,24,26,0
07:00 PM, October 24,2019,Atlanta Hawks,38,22,31,26,0,Detroit Pistons,32,31,18,19,0
08:00 PM, October 24,2019,Milwaukee Bucks,23,27,28,39,0,Houston Rockets,30,36,21,24,0
10:30 PM, October 24,2019,LA Clippers,35,30,46,30,0,Golden State Warriors,29,25,33,35,0
07:00 PM, October 25,2019,Toronto Raptors,21,28,33,24,0,Boston Celtics,22,28,26,36,0
07:00 PM, October 25,2019,Minnesota Timberwolves,30,28,45,18,0,Charlotte Hornets,32,24,25,18,0
07:30 PM, October 25,2019,New York Knicks,23,28,32,26,0,Brooklyn Nets,32,32,30,19,0
08:00 PM, October 25,2019,Chicago Bulls,25,22,32,31,0,Memphis Grizzlies,29,31,21,21,0
08:00 PM, October 25,2019,Dallas Mavericks,27,45,23,28,0,New Orleans Pelicans,41,23,29,23,0
08:00 PM, October 25,2019,Washington Wizards,28,24,26,19,0,Oklahoma City Thunder,24,22,24,15,0
09:00 PM, October 25,2019,Phoenix Suns,21,24,17,33,12,Denver Nuggets,15,24,25,31,13
10:00 PM, October 25,2019,Portland Trail Blazers,25,32,37,28,0,Sacramento Kings,27,30,27,28,0
10:30 PM, October 25,2019,Utah Jazz,17,20,18,31,0,Los Angeles Lakers,24,19,31,21,0
05:00 PM, October 26,2019,Miami Heat,29,24,29,39,10,Milwaukee Bucks,33,37,23,28,5
07:00 PM, October 26,2019,Philadelphia 76ers,28,26,29,34,0,Detroit Pistons,29,28,26,28,0
07:30 PM, October 26,2019,Orlando Magic,26,24,25,24,0,Atlanta Hawks,23,29,25,26,0
07:30 PM, October 26,2019,Boston Celtics,22,24,36,36,0,New York Knicks,24,27,25,19,0
08:00 PM, October 26,2019,Indiana Pacers,28,20,26,25,0,Cleveland Cavaliers,26,39,25,20,0
08:00 PM, October 26,2019,Toronto Raptors,24,24,36,24,0,Chicago Bulls,23,17,22,22,0
08:00 PM, October 26,2019,New Orleans Pelicans,24,37,39,23,0,Houston Rockets,29,32,36,29,0
08:30 PM, October 26,2019,Washington Wizards,26,34,30,32,0,San Antonio Spurs,30,30,32,32,0
09:00 PM, October 26,2019,Sacramento Kings,25,16,17,23,0,Utah Jazz,35,31,27,20,0
10:00 PM, October 26,2019,LA Clippers,22,33,30,37,0,Phoenix Suns,26,29,36,39,0
03:30 PM, October 27,2019,Golden State Warriors,20,17,31,24,0,Oklahoma City Thunder,35,35,35,15,0
06:00 PM, October 27,2019,Brooklyn Nets,29,28,40,23,13,Memphis Grizzlies,35,24,33,28,14
07:00 PM, October 27,2019,Portland Trail Blazers,25,34,36,26,0,Dallas Mavericks,40,31,24,24,0
07:00 PM, October 27,2019,Miami Heat,23,34,27,25,0,Minnesota Timberwolves,36,19,22,39,0
09:30 PM, October 27,2019,Charlotte Hornets,28,34,18,21,0,Los Angeles Lakers,30,33,24,33,0
07:00 PM, October 28,2019,Indiana Pacers,25,28,18,23,0,Detroit Pistons,33,26,19,18,0
07:00 PM, October 28,2019,Chicago Bulls,33,19,28,18,0,New York Knicks,15,27,30,33,0
07:30 PM, October 28,2019,Philadelphia 76ers,31,32,19,23,0,Atlanta Hawks,40,25,18,20,0
07:30 PM, October 28,2019,Orlando Magic,22,24,21,28,0,Toronto Raptors,31,20,27,26,0
08:00 PM, October 28,2019,Oklahoma City Thunder,35,27,18,32,0,Houston Rockets,22,30,39,25,0
08:00 PM, October 28,2019,Cleveland Cavaliers,31,21,28,32,0,Milwaukee Bucks,30,29,32,38,0
08:00 PM, October 28,2019,Golden State Warriors,27,45,31,31,0,New Orleans Pelicans,23,32,24,44,0
08:30 PM, October 28,2019,Portland Trail Blazers,33,18,20,39,0,San Antonio Spurs,19,26,37,31,0
10:00 PM, October 28,2019,Utah Jazz,28,18,24,26,0,Phoenix Suns,21,18,31,25,0
10:00 PM, October 28,2019,Denver Nuggets,21,26,30,24,0,Sacramento Kings,28,25,17,24,0
10:30 PM, October 28,2019,Charlotte Hornets,28,26,20,22,0,LA Clippers,29,28,29,25,0
07:30 PM, October 29,2019,Atlanta Hawks,26,23,21,27,0,Miami Heat,29,30,29,24,0
09:00 PM, October 29,2019,Dallas Mavericks,27,33,23,26,0,Denver Nuggets,31,30,27,18,0
10:30 PM, October 29,2019,Memphis Grizzlies,32,15,20,24,0,Los Angeles Lakers,27,22,39,32,0
07:00 PM, October 30,2019,Chicago Bulls,26,27,29,29,0,Cleveland Cavaliers,25,25,30,37,0
07:00 PM, October 30,2019,New York Knicks,25,19,23,16,0,Orlando Magic,22,20,30,23,0
07:00 PM, October 30,2019,Minnesota Timberwolves,24,19,35,17,0,Philadelphia 76ers,32,30,30,25,0
07:30 PM, October 30,2019,Milwaukee Bucks,34,24,18,29,0,Boston Celtics,19,23,38,36,0
07:30 PM, October 30,2019,Indiana Pacers,31,29,30,28,0,Brooklyn Nets,31,32,20,25,0
07:30 PM, October 30,2019,Detroit Pistons,28,30,27,28,0,Toronto Raptors,37,27,37,24,0
08:00 PM, October 30,2019,Houston Rockets,35,41,35,48,0,Washington Wizards,34,43,40,41,0
08:00 PM, October 30,2019,Portland Trail Blazers,24,25,19,34,0,Oklahoma City Thunder,17,27,25,30,0
10:00 PM, October 30,2019,LA Clippers,23,28,20,25,0,Utah Jazz,33,19,38,20,0
10:00 PM, October 30,2019,Charlotte Hornets,30,31,32,25,0,Sacramento Kings,33,33,18,27,0
10:30 PM, October 30,2019,Phoenix Suns,43,29,23,26,0,Golden State Warriors,14,32,21,43,0
07:00 PM, October 31,2019,Miami Heat,30,22,33,21,0,Atlanta Hawks,26,20,29,22,0
09:30 PM, October 31,2019,Denver Nuggets,30,22,23,32,0,New Orleans Pelicans,32,24,30,36,0
10:30 PM, October 31,2019,San Antonio Spurs,24,24,27,22,0,LA Clippers,23,27,30,23,0
07:00 PM, November 1,2019,Houston Rockets,33,26,24,33,0,Brooklyn Nets,24,37,34,28,0
07:00 PM, November 1,2019,Cleveland Cavaliers,26,11,24,34,0,Indiana Pacers,19,23,26,34,0
07:00 PM, November 1,2019,Milwaukee Bucks,31,31,26,35,0,Orlando Magic,27,14,30,20,0
07:30 PM, November 1,2019,New York Knicks,23,27,24,28,0,Boston Celtics,22,27,26,29,0
08:00 PM, November 1,2019,Detroit Pistons,23,29,28,26,0,Chicago Bulls,30,27,29,26,0
09:30 PM, November 1,2019,Los Angeles Lakers,20,28,28,27,16,Dallas Mavericks,25,33,27,18,7
10:00 PM, November 1,2019,Utah Jazz,18,30,32,21,0,Sacramento Kings,28,23,30,21,0
10:30 PM, November 1,2019,San Antonio Spurs,29,28,40,30,0,Golden State Warriors,28,27,31,24,0
05:00 PM, November 2,2019,New Orleans Pelicans,26,34,26,18,0,Oklahoma City Thunder,33,32,29,21,0
07:00 PM, November 2,2019,Brooklyn Nets,26,28,18,37,0,Detroit Pistons,33,13,32,35,0
07:00 PM, November 2,2019,Denver Nuggets,17,23,29,22,0,Orlando Magic,26,19,18,24,0
08:00 PM, November 2,2019,Minnesota Timberwolves,42,28,36,25,0,Washington Wizards,34,22,16,37,0
08:00 PM, November 2,2019,Phoenix Suns,31,14,37,32,0,Memphis Grizzlies,24,23,22,36,0
08:00 PM, November 2,2019,Toronto Raptors,17,33,40,15,0,Milwaukee Bucks,36,30,29,20,0
08:30 PM, November 2,2019,Charlotte Hornets,25,25,18,25,0,Golden State Warriors,30,25,16,16,0
10:00 PM, November 2,2019,Philadelphia 76ers,27,30,35,37,0,Portland Trail Blazers,32,36,34,26,0
05:00 PM, November 3,2019,Chicago Bulls,18,24,32,21,0,Indiana Pacers,24,31,31,22,0
06:00 PM, November 3,2019,Houston Rockets,14,32,25,29,0,Miami Heat,46,25,28,30,0
06:00 PM, November 3,2019,Sacramento Kings,32,29,29,23,0,New York Knicks,23,18,23,28,0
07:00 PM, November 3,2019,Los Angeles Lakers,26,30,21,26,0,San Antonio Spurs,25,18,29,24,0
07:30 PM, November 3,2019,Dallas Mavericks,31,27,32,41,0,Cleveland Cavaliers,28,25,33,25,0
09:00 PM, November 3,2019,Utah Jazz,20,21,28,25,0,LA Clippers,16,23,26,40,0
07:00 PM, November 4,2019,Detroit Pistons,30,31,17,21,0,Washington Wizards,31,32,30,22,0
07:30 PM, November 4,2019,New Orleans Pelicans,27,23,48,27,0,Brooklyn Nets,33,34,37,31,0
08:00 PM, November 4,2019,Houston Rockets,33,29,22,23,0,Memphis Grizzlies,28,32,16,24,0
08:00 PM, November 4,2019,Milwaukee Bucks,31,33,38,32,0,Minnesota Timberwolves,27,30,25,24,0
09:00 PM, November 4,2019,Philadelphia 76ers,31,30,21,27,0,Phoenix Suns,29,26,26,33,0
10:30 PM, November 4,2019,Portland Trail Blazers,32,31,20,35,0,Golden State Warriors,34,26,27,40,0
07:00 PM, November 5,2019,Indiana Pacers,35,29,28,21,7,Charlotte Hornets,20,37,21,35,9
07:00 PM, November 5,2019,Boston Celtics,32,29,28,30,0,Cleveland Cavaliers,24,28,31,30,0
07:30 PM, November 5,2019,San Antonio Spurs,21,24,33,22,0,Atlanta Hawks,22,22,26,38,0
08:00 PM, November 5,2019,Los Angeles Lakers,24,24,32,38,0,Chicago Bulls,29,36,28,19,0
08:00 PM, November 5,2019,Orlando Magic,26,27,26,15,0,Oklahoma City Thunder,31,27,23,21,0
09:00 PM, November 5,2019,Miami Heat,28,20,21,20,0,Denver Nuggets,29,29,31,20,0
07:00 PM, November 6,2019,New York Knicks,25,34,26,17,0,Detroit Pistons,33,31,32,26,0
07:00 PM, November 6,2019,Washington Wizards,26,36,18,26,0,Indiana Pacers,26,44,24,27,0
07:30 PM, November 6,2019,Chicago Bulls,33,23,35,22,0,Atlanta Hawks,19,22,24,28,0
07:30 PM, November 6,2019,Sacramento Kings,23,35,30,32,0,Toronto Raptors,36,30,29,29,0
07:30 PM, November 6,2019,Golden State Warriors,29,23,31,29,0,Houston Rockets,30,33,35,31,0
08:00 PM, November 6,2019,Minnesota Timberwolves,26,38,32,25,0,Memphis Grizzlies,37,35,29,36,0
08:30 PM, November 6,2019,Orlando Magic,28,28,23,27,0,Dallas Mavericks,25,29,32,21,0
09:00 PM, November 6,2019,Philadelphia 76ers,29,27,17,31,0,Utah Jazz,26,32,26,22,0
10:00 PM, November 6,2019,Milwaukee Bucks,28,42,28,31,0,LA Clippers,30,29,30,35,0
08:00 PM, November 7,2019,Boston Celtics,30,22,33,23,0,Charlotte Hornets,20,23,24,20,0
08:30 PM, November 7,2019,Oklahoma City Thunder,30,27,27,28,0,San Antonio Spurs,33,23,36,29,0
09:00 PM, November 7,2019,Miami Heat,31,33,29,31,0,Phoenix Suns,30,27,29,22,0
10:30 PM, November 7,2019,Portland Trail Blazers,22,18,36,25,0,LA Clippers,26,21,23,37,0
07:00 PM, November 8,2019,Detroit Pistons,35,18,19,34,0,Indiana Pacers,27,30,28,27,0
07:00 PM, November 8,2019,Memphis Grizzlies,15,33,30,8,0,Orlando Magic,27,24,33,34,0
07:00 PM, November 8,2019,Cleveland Cavaliers,30,37,21,25,0,Washington Wizards,26,26,32,16,0
07:30 PM, November 8,2019,Sacramento Kings,31,32,28,30,0,Atlanta Hawks,24,23,36,26,0
08:00 PM, November 8,2019,Golden State Warriors,31,30,25,24,9,Minnesota Timberwolves,29,31,20,30,15
08:00 PM, November 8,2019,Toronto Raptors,30,45,22,25,0,New Orleans Pelicans,30,23,22,29,0
08:30 PM, November 8,2019,New York Knicks,36,25,23,22,0,Dallas Mavericks,28,29,23,22,0
09:00 PM, November 8,2019,Philadelphia 76ers,24,33,27,13,0,Denver Nuggets,18,24,23,35,0
09:00 PM, November 8,2019,Milwaukee Bucks,16,19,39,26,0,Utah Jazz,30,25,26,22,0
10:00 PM, November 8,2019,Brooklyn Nets,26,28,35,30,0,Portland Trail Blazers,20,29,37,29,0
10:30 PM, November 8,2019,Miami Heat,21,25,20,14,0,Los Angeles Lakers,28,20,30,17,0
05:00 PM, November 9,2019,Boston Celtics,39,33,32,31,0,San Antonio Spurs,30,24,37,24,0
07:00 PM, November 9,2019,New Orleans Pelicans,33,22,26,34,0,Charlotte Hornets,28,33,25,24,0
08:00 PM, November 9,2019,Houston Rockets,20,30,36,31,0,Chicago Bulls,27,22,18,27,0
08:00 PM, November 9,2019,Dallas Mavericks,31,37,36,34,0,Memphis Grizzlies,34,28,29,31,0
08:00 PM, November 9,2019,Golden State Warriors,27,16,41,24,0,Oklahoma City Thunder,36,24,24,30,0
03:30 PM, November 10,2019,Denver Nuggets,27,22,27,14,10,Minnesota Timberwolves,27,24,13,26,8
06:00 PM, November 10,2019,Indiana Pacers,29,22,30,28,0,Orlando Magic,33,27,17,25,0
06:00 PM, November 10,2019,Charlotte Hornets,24,34,23,25,0,Philadelphia 76ers,33,20,35,26,0
07:00 PM, November 10,2019,Milwaukee Bucks,21,29,37,34,0,Oklahoma City Thunder,24,32,24,39,0
07:30 PM, November 10,2019,Cleveland Cavaliers,31,23,24,30,0,New York Knicks,19,17,27,24,0
08:00 PM, November 10,2019,Brooklyn Nets,30,20,30,32,0,Phoenix Suns,37,31,38,32,0
09:00 PM, November 10,2019,Atlanta Hawks,21,23,31,32,6,Portland Trail Blazers,20,26,29,32,17
09:30 PM, November 10,2019,Toronto Raptors,29,23,26,35,0,Los Angeles Lakers,30,30,18,26,0
07:00 PM, November 11,2019,Minnesota Timberwolves,41,25,26,28,0,Detroit Pistons,26,25,30,33,0
07:30 PM, November 11,2019,Dallas Mavericks,21,33,25,27,0,Boston Celtics,25,29,30,32,0
07:30 PM, November 11,2019,Memphis Grizzlies,35,22,34,22,0,San Antonio Spurs,22,32,26,29,0
08:00 PM, November 11,2019,Houston Rockets,30,28,32,32,0,New Orleans Pelicans,23,29,30,34,0
10:30 PM, November 11,2019,Utah Jazz,34,35,28,25,0,Golden State Warriors,30,24,31,23,0
10:30 PM, November 11,2019,Toronto Raptors,23,23,32,10,0,LA Clippers,15,36,22,25,0
07:00 PM, November 12,2019,Oklahoma City Thunder,25,17,20,23,0,Indiana Pacers,31,21,34,25,0
07:00 PM, November 12,2019,Cleveland Cavaliers,21,27,30,19,0,Philadelphia 76ers,24,30,28,16,0
07:30 PM, November 12,2019,Detroit Pistons,17,20,35,36,0,Miami Heat,28,31,33,25,0
08:00 PM, November 12,2019,New York Knicks,22,32,31,17,0,Chicago Bulls,30,30,25,35,0
09:00 PM, November 12,2019,Atlanta Hawks,25,38,35,27,0,Denver Nuggets,34,20,35,32,0
09:00 PM, November 12,2019,Los Angeles Lakers,26,34,35,28,0,Phoenix Suns,29,29,34,23,0
09:00 PM, November 12,2019,Brooklyn Nets,35,33,24,22,0,Utah Jazz,29,24,31,35,0
10:00 PM, November 12,2019,Portland Trail Blazers,24,25,21,29,0,Sacramento Kings,21,25,35,26,0
07:00 PM, November 13,2019,Memphis Grizzlies,26,37,31,25,0,Charlotte Hornets,29,35,32,21,0
07:00 PM, November 13,2019,Philadelphia 76ers,30,23,29,15,0,Orlando Magic,31,22,27,32,0
07:30 PM, November 13,2019,Washington Wizards,34,32,30,37,0,Boston Celtics,34,34,34,38,0
07:30 PM, November 13,2019,LA Clippers,15,22,31,25,0,Houston Rockets,31,18,25,28,0
08:00 PM, November 13,2019,San Antonio Spurs,24,35,36,19,0,Minnesota Timberwolves,26,40,40,23,0
10:00 PM, November 13,2019,Golden State Warriors,26,29,27,12,0,Los Angeles Lakers,38,29,31,22,0
10:00 PM, November 13,2019,Toronto Raptors,23,31,33,27,0,Portland Trail Blazers,30,23,25,28,0
06:00 PM, November 14,2019,Miami Heat,34,34,26,14,0,Cleveland Cavaliers,22,22,30,23,0
08:00 PM, November 14,2019,Dallas Mavericks,23,30,34,16,0,New York Knicks,27,31,29,19,0
08:00 PM, November 14,2019,Chicago Bulls,32,34,20,29,0,Milwaukee Bucks,30,35,32,27,0
08:00 PM, November 14,2019,LA Clippers,35,24,38,30,0,New Orleans Pelicans,34,38,24,36,0
09:00 PM, November 14,2019,Atlanta Hawks,33,28,29,22,0,Phoenix Suns,31,36,37,24,0
10:30 PM, November 14,2019,Brooklyn Nets,35,26,18,14,0,Denver Nuggets,28,21,30,22,0
07:00 PM, November 15,2019,Detroit Pistons,35,30,18,23,0,Charlotte Hornets,25,26,32,26,0
07:00 PM, November 15,2019,San Antonio Spurs,31,25,26,27,0,Orlando Magic,24,23,32,32,0
08:00 PM, November 15,2019,Indiana Pacers,22,27,30,23,0,Houston Rockets,26,28,26,31,0
08:00 PM, November 15,2019,Utah Jazz,26,22,31,27,0,Memphis Grizzlies,23,30,24,30,0
08:00 PM, November 15,2019,Washington Wizards,39,37,26,35,0,Minnesota Timberwolves,30,43,19,24,0
08:00 PM, November 15,2019,Philadelphia 76ers,29,20,34,24,12,Oklahoma City Thunder,24,30,26,27,20
10:30 PM, November 15,2019,Boston Celtics,23,29,24,29,0,Golden State Warriors,32,19,20,29,0
10:30 PM, November 15,2019,Sacramento Kings,30,20,21,26,0,Los Angeles Lakers,20,29,25,25,0
06:00 PM, November 16,2019,Brooklyn Nets,30,20,24,43,0,Chicago Bulls,19,37,22,33,0
07:00 PM, November 16,2019,Milwaukee Bucks,26,23,22,31,0,Indiana Pacers,22,14,27,20,0
07:30 PM, November 16,2019,Charlotte Hornets,20,27,28,28,0,New York Knicks,23,32,21,26,0
08:00 PM, November 16,2019,New Orleans Pelicans,22,27,16,29,0,Miami Heat,29,25,24,31,0
08:00 PM, November 16,2019,Houston Rockets,31,33,29,32,0,Minnesota Timberwolves,30,32,23,20,0
08:30 PM, November 16,2019,Toronto Raptors,22,38,17,25,0,Dallas Mavericks,32,21,25,32,0
08:30 PM, November 16,2019,Portland Trail Blazers,41,25,24,31,0,San Antonio Spurs,23,35,38,20,0
10:30 PM, November 16,2019,Atlanta Hawks,30,32,20,19,0,LA Clippers,43,31,38,38,0
03:00 PM, November 17,2019,Philadelphia 76ers,33,35,27,19,0,Cleveland Cavaliers,22,22,25,26,0
03:30 PM, November 17,2019,Boston Celtics,18,28,29,24,0,Sacramento Kings,30,20,21,29,0
06:00 PM, November 17,2019,Washington Wizards,22,30,25,44,0,Orlando Magic,29,32,27,37,0
06:00 PM, November 17,2019,Denver Nuggets,28,44,36,23,0,Memphis Grizzlies,32,17,31,34,0
07:00 PM, November 17,2019,Golden State Warriors,23,26,20,31,0,New Orleans Pelicans,26,29,21,32,0
09:30 PM, November 17,2019,Atlanta Hawks,24,17,36,24,0,Los Angeles Lakers,36,33,27,26,0
07:00 PM, November 18,2019,Cleveland Cavaliers,20,31,20,34,0,New York Knicks,32,32,30,29,0
07:30 PM, November 18,2019,Indiana Pacers,18,41,25,31,0,Brooklyn Nets,18,17,33,18,0
07:30 PM, November 18,2019,Charlotte Hornets,25,31,18,22,0,Toronto Raptors,26,34,32,40,0
08:00 PM, November 18,2019,Milwaukee Bucks,29,31,24,31,0,Chicago Bulls,26,30,25,20,0
08:00 PM, November 18,2019,Portland Trail Blazers,30,20,26,32,0,Houston Rockets,29,35,35,33,0
08:30 PM, November 18,2019,San Antonio Spurs,22,27,30,31,0,Dallas Mavericks,36,23,34,24,0
09:00 PM, November 18,2019,Boston Celtics,26,31,23,19,0,Phoenix Suns,22,20,23,20,0
09:00 PM, November 18,2019,Minnesota Timberwolves,36,23,17,36,0,Utah Jazz,32,24,22,24,0
10:30 PM, November 18,2019,Oklahoma City Thunder,17,30,17,24,0,LA Clippers,23,19,24,24,0
08:00 PM, November 19,2019,Golden State Warriors,28,33,22,31,0,Memphis Grizzlies,30,16,26,23,0
08:00 PM, November 19,2019,Portland Trail Blazers,28,26,25,25,0,New Orleans Pelicans,27,26,35,27,0
10:00 PM, November 19,2019,Phoenix Suns,19,26,30,41,0,Sacramento Kings,33,29,25,33,0
10:30 PM, November 19,2019,Oklahoma City Thunder,28,25,34,20,0,Los Angeles Lakers,33,30,30,19,0
07:00 PM, November 20,2019,New York Knicks,25,26,28,25,0,Philadelphia 76ers,27,26,21,35,0
07:00 PM, November 20,2019,San Antonio Spurs,38,31,29,34,0,Washington Wizards,35,28,38,37,0
07:30 PM, November 20,2019,Milwaukee Bucks,34,24,38,39,0,Atlanta Hawks,26,35,22,44,0
07:30 PM, November 20,2019,Charlotte Hornets,26,25,22,18,0,Brooklyn Nets,26,30,26,19,0
07:30 PM, November 20,2019,Cleveland Cavaliers,22,26,29,23,0,Miami Heat,32,43,24,25,0
07:30 PM, November 20,2019,Orlando Magic,32,19,17,29,0,Toronto Raptors,32,29,18,34,0
07:30 PM, November 20,2019,Golden State Warriors,16,22,26,30,0,Dallas Mavericks,44,30,30,38,0
08:00 PM, November 20,2019,Detroit Pistons,30,25,16,18,0,Chicago Bulls,30,29,25,25,0
08:00 PM, November 20,2019,Utah Jazz,26,22,25,30,0,Minnesota Timberwolves,19,27,22,27,0
09:00 PM, November 20,2019,Houston Rockets,22,29,22,22,0,Denver Nuggets,27,27,28,23,0
10:00 PM, November 20,2019,Boston Celtics,21,21,33,22,7,LA Clippers,22,18,29,28,10
08:00 PM, November 21,2019,Portland Trail Blazers,27,31,40,31,0,Milwaukee Bucks,37,35,35,30,0
10:30 PM, November 21,2019,New Orleans Pelicans,38,21,36,29,0,Phoenix Suns,33,33,28,27,0
07:00 PM, November 22,2019,Atlanta Hawks,23,34,27,19,0,Detroit Pistons,33,43,31,21,0
07:00 PM, November 22,2019,Charlotte Hornets,34,34,28,22,0,Washington Wizards,33,29,28,35,0
07:30 PM, November 22,2019,Sacramento Kings,23,26,21,27,0,Brooklyn Nets,26,30,30,30,0
08:00 PM, November 22,2019,San Antonio Spurs,22,30,28,24,0,Philadelphia 76ers,29,30,28,28,0
08:00 PM, November 22,2019,Miami Heat,34,33,18,31,0,Chicago Bulls,16,27,24,41,0
08:00 PM, November 22,2019,Los Angeles Lakers,34,32,40,24,0,Oklahoma City Thunder,33,34,36,24,0
08:30 PM, November 22,2019,Cleveland Cavaliers,26,16,29,30,0,Dallas Mavericks,29,37,45,32,0
09:00 PM, November 22,2019,Boston Celtics,13,21,23,35,0,Denver Nuggets,27,18,25,26,0
09:00 PM, November 22,2019,Golden State Warriors,28,23,21,37,0,Utah Jazz,30,35,25,23,0
10:30 PM, November 22,2019,Houston Rockets,23,28,33,35,0,LA Clippers,31,24,25,42,0
05:00 PM, November 23,2019,Phoenix Suns,30,22,30,18,0,Minnesota Timberwolves,23,22,28,25,0
07:00 PM, November 23,2019,Chicago Bulls,34,22,13,47,0,Charlotte Hornets,23,26,25,41,0
07:00 PM, November 23,2019,Orlando Magic,25,20,40,21,0,Indiana Pacers,24,31,28,28,0
07:30 PM, November 23,2019,Toronto Raptors,26,26,35,32,0,Atlanta Hawks,27,34,29,26,0
07:30 PM, November 23,2019,San Antonio Spurs,32,36,21,22,0,New York Knicks,16,27,28,33,0
07:30 PM, November 23,2019,Miami Heat,13,22,24,27,0,Philadelphia 76ers,28,27,37,21,0
08:00 PM, November 23,2019,Portland Trail Blazers,19,23,27,35,0,Cleveland Cavaliers,19,30,27,34,0
08:00 PM, November 23,2019,Los Angeles Lakers,25,30,30,24,0,Memphis Grizzlies,35,28,21,24,0
08:30 PM, November 23,2019,Detroit Pistons,24,23,22,21,0,Milwaukee Bucks,27,27,23,27,0
09:00 PM, November 23,2019,New Orleans Pelicans,31,23,34,32,0,Utah Jazz,44,30,24,30,0
03:30 PM, November 24,2019,Dallas Mavericks,45,33,27,32,0,Houston Rockets,29,31,35,28,0
06:00 PM, November 24,2019,Brooklyn Nets,29,23,30,21,0,New York Knicks,22,24,26,29,0
06:00 PM, November 24,2019,Sacramento Kings,24,33,33,23,0,Washington Wizards,27,30,28,21,0
08:00 PM, November 24,2019,Phoenix Suns,28,29,20,27,0,Denver Nuggets,28,24,27,37,0
09:00 PM, November 24,2019,New Orleans Pelicans,27,29,31,22,0,LA Clippers,40,32,28,34,0
07:00 PM, November 25,2019,Brooklyn Nets,25,27,29,27,0,Cleveland Cavaliers,26,25,24,31,0
07:00 PM, November 25,2019,Orlando Magic,31,24,15,18,0,Detroit Pistons,23,30,25,25,0
07:00 PM, November 25,2019,Memphis Grizzlies,27,29,27,31,0,Indiana Pacers,36,31,37,22,0
07:30 PM, November 25,2019,Minnesota Timberwolves,38,16,39,32,0,Atlanta Hawks,30,34,26,23,0
07:30 PM, November 25,2019,Sacramento Kings,22,24,29,27,0,Boston Celtics,19,34,22,28,0
07:30 PM, November 25,2019,Charlotte Hornets,31,27,24,18,0,Miami Heat,36,33,29,19,0
07:30 PM, November 25,2019,Philadelphia 76ers,34,15,31,16,0,Toronto Raptors,28,23,30,20,0
08:00 PM, November 25,2019,Portland Trail Blazers,27,35,30,25,0,Chicago Bulls,28,26,18,22,0
08:00 PM, November 25,2019,Utah Jazz,25,32,26,35,0,Milwaukee Bucks,23,25,42,32,0
08:30 PM, November 25,2019,Los Angeles Lakers,25,29,32,28,0,San Antonio Spurs,22,34,26,22,0
10:30 PM, November 25,2019,Oklahoma City Thunder,25,28,21,26,0,Golden State Warriors,28,31,24,14,0
08:30 PM, November 26,2019,LA Clippers,34,28,31,21,0,Dallas Mavericks,27,19,31,22,0
09:00 PM, November 26,2019,Washington Wizards,23,24,22,35,0,Denver Nuggets,25,39,22,31,0
07:00 PM, November 27,2019,Brooklyn Nets,23,40,23,24,0,Boston Celtics,30,27,34,30,0
07:00 PM, November 27,2019,Detroit Pistons,32,28,20,21,0,Charlotte Hornets,31,24,31,16,0
07:00 PM, November 27,2019,Orlando Magic,27,32,28,29,0,Cleveland Cavaliers,27,25,21,31,0
07:00 PM, November 27,2019,Utah Jazz,20,23,37,22,0,Indiana Pacers,21,32,36,32,0
07:00 PM, November 27,2019,Sacramento Kings,18,28,19,26,0,Philadelphia 76ers,25,22,29,21,0
07:30 PM, November 27,2019,New York Knicks,29,17,23,29,0,Toronto Raptors,21,37,31,37,0
08:00 PM, November 27,2019,Miami Heat,23,19,26,40,0,Houston Rockets,27,39,25,26,0
08:00 PM, November 27,2019,LA Clippers,35,29,28,29,0,Memphis Grizzlies,31,29,28,31,0
08:00 PM, November 27,2019,Atlanta Hawks,17,42,23,20,0,Milwaukee Bucks,33,27,21,30,0
08:30 PM, November 27,2019,Minnesota Timberwolves,22,35,24,32,0,San Antonio Spurs,24,23,31,23,0
09:00 PM, November 27,2019,Washington Wizards,36,38,34,32,0,Phoenix Suns,34,35,26,37,0
09:30 PM, November 27,2019,Los Angeles Lakers,25,29,25,35,0,New Orleans Pelicans,38,26,25,21,0
10:00 PM, November 27,2019,Oklahoma City Thunder,26,24,27,42,0,Portland Trail Blazers,42,21,41,32,0
10:30 PM, November 27,2019,Chicago Bulls,17,31,25,17,0,Golden State Warriors,25,28,25,26,0
12:00 PM, November 29,2019,Boston Celtics,24,31,26,26,0,Brooklyn Nets,31,27,29,25,0
07:00 PM, November 29,2019,Charlotte Hornets,38,24,23,25,0,Detroit Pistons,37,20,28,22,0
07:00 PM, November 29,2019,Toronto Raptors,20,20,26,24,0,Orlando Magic,23,24,12,24,0
07:30 PM, November 29,2019,Milwaukee Bucks,38,29,32,20,0,Cleveland Cavaliers,29,18,42,21,0
07:30 PM, November 29,2019,Philadelphia 76ers,18,21,31,31,0,New York Knicks,31,20,17,27,0
08:00 PM, November 29,2019,Atlanta Hawks,23,31,11,29,10,Indiana Pacers,22,21,29,22,11
08:00 PM, November 29,2019,Golden State Warriors,21,37,21,26,0,Miami Heat,41,30,24,27,0
08:00 PM, November 29,2019,Utah Jazz,22,18,35,28,0,Memphis Grizzlies,24,31,18,21,0
08:00 PM, November 29,2019,New Orleans Pelicans,26,27,31,20,0,Oklahoma City Thunder,34,28,17,30,0
08:30 PM, November 29,2019,LA Clippers,30,23,18,26,0,San Antonio Spurs,27,26,29,25,0
09:00 PM, November 29,2019,Dallas Mavericks,31,22,36,31,0,Phoenix Suns,25,25,39,24,0
10:00 PM, November 29,2019,Chicago Bulls,28,19,31,25,0,Portland Trail Blazers,25,28,28,26,0
10:30 PM, November 29,2019,Washington Wizards,23,26,30,24,0,Los Angeles Lakers,37,33,35,20,0
05:00 PM, November 30,2019,Denver Nuggets,27,30,18,15,7,Sacramento Kings,17,23,27,23,10
07:00 PM, November 30,2019,Indiana Pacers,29,36,28,23,0,Philadelphia 76ers,38,27,28,26,0
08:00 PM, November 30,2019,Atlanta Hawks,21,31,21,38,0,Houston Rockets,38,43,46,31,0
08:00 PM, November 30,2019,Charlotte Hornets,25,24,26,21,0,Milwaukee Bucks,32,34,35,36,0
03:00 PM, December 1,2019,Miami Heat,32,26,25,26,0,Brooklyn Nets,30,35,16,25,0
03:30 PM, December 1,2019,Boston Celtics,31,27,23,32,0,New York Knicks,30,28,27,19,0
03:30 PM, December 1,2019,Memphis Grizzlies,25,23,38,29,0,Minnesota Timberwolves,21,26,32,28,0
04:00 PM, December 1,2019,Dallas Mavericks,25,34,35,20,0,Los Angeles Lakers,30,32,17,21,0
05:00 PM, December 1,2019,San Antonio Spurs,27,24,20,27,0,Detroit Pistons,32,27,37,36,0
05:00 PM, December 1,2019,Oklahoma City Thunder,33,23,26,25,0,New Orleans Pelicans,29,26,22,27,0
06:00 PM, December 1,2019,Golden State Warriors,22,29,20,25,0,Orlando Magic,26,25,21,28,0
06:00 PM, December 1,2019,Utah Jazz,20,17,49,24,0,Toronto Raptors,37,40,30,23,0
10:30 PM, December 1,2019,Washington Wizards,35,22,41,27,0,LA Clippers,39,43,34,34,0
07:00 PM, December 2,2019,Phoenix Suns,28,31,21,29,0,Charlotte Hornets,21,18,34,31,0
07:00 PM, December 2,2019,Utah Jazz,23,19,24,28,0,Philadelphia 76ers,31,29,25,18,0
07:30 PM, December 2,2019,Golden State Warriors,23,17,13,26,0,Atlanta Hawks,20,29,27,28,0
08:00 PM, December 2,2019,Indiana Pacers,24,33,28,32,0,Memphis Grizzlies,19,28,26,31,0
08:00 PM, December 2,2019,New York Knicks,15,30,17,26,0,Milwaukee Bucks,33,39,28,32,0
10:00 PM, December 2,2019,Chicago Bulls,22,33,29,29,0,Sacramento Kings,23,21,30,32,0
07:00 PM, December 3,2019,Detroit Pistons,32,30,35,30,0,Cleveland Cavaliers,28,18,22,26,0
07:00 PM, December 3,2019,Orlando Magic,32,36,29,30,0,Washington Wizards,26,28,34,32,0
07:30 PM, December 3,2019,Miami Heat,32,26,25,25,13,Toronto Raptors,23,30,28,27,2
07:30 PM, December 3,2019,Dallas Mavericks,24,35,25,34,0,New Orleans Pelicans,24,29,22,22,0
08:30 PM, December 3,2019,Houston Rockets,25,38,34,18,18,San Antonio Spurs,27,32,22,34,20
09:00 PM, December 3,2019,Los Angeles Lakers,28,32,24,21,0,Denver Nuggets,24,25,27,20,0
10:00 PM, December 3,2019,Portland Trail Blazers,30,29,17,21,0,LA Clippers,29,33,27,28,0
07:00 PM, December 4,2019,Golden State Warriors,20,34,22,15,0,Charlotte Hornets,28,30,28,20,0
07:00 PM, December 4,2019,Milwaukee Bucks,22,37,33,35,0,Detroit Pistons,24,24,24,31,0
07:00 PM, December 4,2019,Phoenix Suns,37,21,28,28,0,Orlando Magic,31,34,38,25,0
07:30 PM, December 4,2019,Brooklyn Nets,22,34,35,39,0,Atlanta Hawks,26,21,35,36,0
07:30 PM, December 4,2019,Miami Heat,28,16,25,24,0,Boston Celtics,20,32,30,30,0
08:00 PM, December 4,2019,Memphis Grizzlies,20,15,29,35,0,Chicago Bulls,27,23,28,28,0
08:00 PM, December 4,2019,Indiana Pacers,26,23,30,28,0,Oklahoma City Thunder,29,21,28,22,0
08:30 PM, December 4,2019,Minnesota Timberwolves,25,31,28,30,0,Dallas Mavericks,30,23,27,41,0
09:00 PM, December 4,2019,Los Angeles Lakers,34,31,29,27,0,Utah Jazz,26,21,28,21,0
10:00 PM, December 4,2019,Sacramento Kings,35,29,31,21,0,Portland Trail Blazers,30,36,34,27,0
07:00 PM, December 5,2019,Philadelphia 76ers,33,22,26,32,0,Washington Wizards,25,40,26,28,0
07:30 PM, December 5,2019,Denver Nuggets,33,34,31,31,0,New York Knicks,27,18,30,17,0
07:30 PM, December 5,2019,Houston Rockets,34,29,31,25,0,Toronto Raptors,28,27,33,21,0
08:00 PM, December 5,2019,Phoenix Suns,38,36,33,18,14,New Orleans Pelicans,40,30,21,34,7
07:00 PM, December 6,2019,Brooklyn Nets,29,26,31,25,0,Charlotte Hornets,32,25,27,20,0
07:00 PM, December 6,2019,Orlando Magic,24,28,16,25,0,Cleveland Cavaliers,25,22,23,17,0
07:00 PM, December 6,2019,Indiana Pacers,19,25,31,26,0,Detroit Pistons,32,23,16,37,0
08:00 PM, December 6,2019,Denver Nuggets,26,19,19,31,0,Boston Celtics,33,20,32,23,0
08:00 PM, December 6,2019,Washington Wizards,28,37,20,18,0,Miami Heat,27,34,25,26,0
08:00 PM, December 6,2019,Golden State Warriors,23,27,27,23,0,Chicago Bulls,28,23,32,15,0
08:00 PM, December 6,2019,Minnesota Timberwolves,27,31,39,25,5,Oklahoma City Thunder,30,23,41,28,17
08:30 PM, December 6,2019,LA Clippers,15,28,19,29,0,Milwaukee Bucks,30,22,35,32,0
08:30 PM, December 6,2019,Sacramento Kings,17,25,30,28,4,San Antonio Spurs,21,31,17,31,5
10:30 PM, December 6,2019,Los Angeles Lakers,39,38,33,26,0,Portland Trail Blazers,34,28,31,20,0
02:00 PM, December 7,2019,New Orleans Pelicans,28,24,14,18,0,Dallas Mavericks,31,33,40,26,0
07:30 PM, December 7,2019,Indiana Pacers,32,34,23,15,0,New York Knicks,27,33,21,22,0
07:30 PM, December 7,2019,Cleveland Cavaliers,18,18,26,32,0,Philadelphia 76ers,36,41,31,33,0
08:00 PM, December 7,2019,Phoenix Suns,31,21,26,31,0,Houston Rockets,23,37,23,32,0
10:00 PM, December 7,2019,Memphis Grizzlies,36,18,30,28,0,Utah Jazz,32,37,28,29,0
03:00 PM, December 8,2019,Denver Nuggets,21,33,23,25,0,Brooklyn Nets,25,28,29,23,0
05:00 PM, December 8,2019,Atlanta Hawks,24,27,37,34,0,Charlotte Hornets,27,26,30,24,0
06:00 PM, December 8,2019,Chicago Bulls,25,24,24,24,8,Miami Heat,16,31,27,23,13
06:00 PM, December 8,2019,Toronto Raptors,22,20,26,36,0,Philadelphia 76ers,27,30,29,24,0
06:00 PM, December 8,2019,LA Clippers,35,30,35,35,0,Washington Wizards,25,39,29,26,0
07:00 PM, December 8,2019,Sacramento Kings,36,30,26,18,0,Dallas Mavericks,27,19,32,28,0
09:00 PM, December 8,2019,Oklahoma City Thunder,21,34,27,26,0,Portland Trail Blazers,20,27,31,18,0
09:30 PM, December 8,2019,Minnesota Timberwolves,31,34,38,22,0,Los Angeles Lakers,39,34,37,32,0
07:00 PM, December 9,2019,LA Clippers,24,36,31,19,0,Indiana Pacers,19,29,25,26,0
07:30 PM, December 9,2019,Cleveland Cavaliers,18,22,26,22,0,Boston Celtics,29,24,30,27,0
08:00 PM, December 9,2019,Toronto Raptors,30,19,22,22,0,Chicago Bulls,30,21,20,21,0
08:00 PM, December 9,2019,Sacramento Kings,32,27,35,25,0,Houston Rockets,28,36,29,25,0
08:00 PM, December 9,2019,Orlando Magic,20,20,33,28,0,Milwaukee Bucks,31,21,28,30,0
08:00 PM, December 9,2019,Detroit Pistons,25,22,34,24,0,New Orleans Pelicans,29,24,21,29,0
09:00 PM, December 9,2019,Minnesota Timberwolves,31,33,21,24,0,Phoenix Suns,33,28,33,31,0
09:00 PM, December 9,2019,Oklahoma City Thunder,25,26,34,19,0,Utah Jazz,24,23,21,22,0
10:30 PM, December 9,2019,Memphis Grizzlies,29,25,34,22,0,Golden State Warriors,20,27,32,23,0
07:00 PM, December 10,2019,Washington Wizards,20,28,27,32,0,Charlotte Hornets,28,25,29,32,0
08:00 PM, December 10,2019,Denver Nuggets,27,23,26,16,0,Philadelphia 76ers,26,29,28,14,0
08:00 PM, December 10,2019,Atlanta Hawks,30,34,32,21,4,Miami Heat,36,30,27,24,18
10:00 PM, December 10,2019,New York Knicks,22,19,18,28,0,Portland Trail Blazers,32,28,26,29,0
07:00 PM, December 11,2019,Houston Rockets,35,29,24,28,0,Cleveland Cavaliers,29,28,25,28,0
07:00 PM, December 11,2019,Boston Celtics,32,25,37,23,0,Indiana Pacers,30,31,23,38,0
07:00 PM, December 11,2019,Los Angeles Lakers,26,25,18,27,0,Orlando Magic,9,29,27,22,0
07:00 PM, December 11,2019,LA Clippers,27,37,24,24,0,Toronto Raptors,32,14,25,21,0
07:30 PM, December 11,2019,Charlotte Hornets,26,27,31,29,0,Brooklyn Nets,34,30,22,22,0
08:00 PM, December 11,2019,Atlanta Hawks,33,19,35,15,0,Chicago Bulls,37,29,40,30,0
08:00 PM, December 11,2019,Utah Jazz,25,34,38,30,0,Minnesota Timberwolves,23,36,24,33,0
09:00 PM, December 11,2019,Memphis Grizzlies,27,24,33,31,0,Phoenix Suns,19,32,28,29,0
09:30 PM, December 11,2019,New Orleans Pelicans,20,26,40,26,0,Milwaukee Bucks,35,34,36,22,0
10:00 PM, December 11,2019,Oklahoma City Thunder,18,29,24,22,0,Sacramento Kings,23,15,31,25,0
10:30 PM, December 11,2019,New York Knicks,30,38,19,25,12,Golden State Warriors,20,30,30,32,10
08:00 PM, December 12,2019,Philadelphia 76ers,28,28,25,34,0,Boston Celtics,34,25,21,29,0
08:30 PM, December 12,2019,Cleveland Cavaliers,28,25,25,25,14,San Antonio Spurs,19,24,25,35,6
09:00 PM, December 12,2019,Dallas Mavericks,34,31,30,27,0,Detroit Pistons,29,29,27,26,0
10:30 PM, December 12,2019,Portland Trail Blazers,26,27,25,21,0,Denver Nuggets,33,29,27,25,0
07:00 PM, December 13,2019,Houston Rockets,28,34,34,34,0,Orlando Magic,22,33,23,29,0
07:00 PM, December 13,2019,New Orleans Pelicans,25,32,25,27,0,Philadelphia 76ers,39,23,30,24,0
07:00 PM, December 13,2019,Los Angeles Lakers,30,21,37,25,0,Miami Heat,29,30,26,25,0
07:30 PM, December 13,2019,Indiana Pacers,29,34,23,24,0,Atlanta Hawks,22,26,35,17,0
08:00 PM, December 13,2019,Charlotte Hornets,24,20,15,24,0,Chicago Bulls,15,25,10,23,0
08:00 PM, December 13,2019,Milwaukee Bucks,35,29,26,37,0,Memphis Grizzlies,29,33,33,19,0
09:00 PM, December 13,2019,Golden State Warriors,29,27,28,22,0,Utah Jazz,22,27,37,28,0
09:30 PM, December 13,2019,LA Clippers,33,32,37,22,0,Minnesota Timberwolves,29,29,23,36,0
10:00 PM, December 13,2019,New York Knicks,20,25,27,31,0,Sacramento Kings,32,22,26,21,0
05:00 PM, December 14,2019,San Antonio Spurs,28,16,34,31,12,Phoenix Suns,18,30,32,29,10
07:30 PM, December 14,2019,Brooklyn Nets,31,29,23,19,0,Toronto Raptors,38,27,25,20,0
08:00 PM, December 14,2019,LA Clippers,29,28,22,27,0,Chicago Bulls,24,31,29,25,0
08:00 PM, December 14,2019,Washington Wizards,30,24,30,27,0,Memphis Grizzlies,35,34,35,24,0
08:30 PM, December 14,2019,Miami Heat,37,36,18,21,10,Dallas Mavericks,23,27,31,31,6
08:30 PM, December 14,2019,Cleveland Cavaliers,20,31,28,29,0,Milwaukee Bucks,26,43,33,23,0
09:00 PM, December 14,2019,Detroit Pistons,30,32,26,27,0,Houston Rockets,32,20,23,32,0
09:00 PM, December 14,2019,Oklahoma City Thunder,20,29,19,34,0,Denver Nuggets,27,25,30,28,0
03:30 PM, December 15,2019,Orlando Magic,24,34,41,31,0,New Orleans Pelicans,30,27,27,35,0
05:00 PM, December 15,2019,Charlotte Hornets,20,24,22,19,0,Indiana Pacers,33,26,13,35,0
06:00 PM, December 15,2019,Los Angeles Lakers,24,31,27,19,0,Atlanta Hawks,25,23,30,18,0
06:00 PM, December 15,2019,Philadelphia 76ers,23,20,23,23,0,Brooklyn Nets,28,29,26,26,0
08:00 PM, December 15,2019,New York Knicks,22,29,33,21,0,Denver Nuggets,33,34,20,24,0
08:30 PM, December 15,2019,Sacramento Kings,26,25,28,21,0,Golden State Warriors,18,24,17,20,0
07:00 PM, December 16,2019,Washington Wizards,43,24,29,37,0,Detroit Pistons,31,30,30,28,0
07:30 PM, December 16,2019,Cleveland Cavaliers,29,25,30,29,0,Toronto Raptors,37,29,38,29,0
08:00 PM, December 16,2019,San Antonio Spurs,35,37,17,18,0,Houston Rockets,21,32,30,26,0
08:00 PM, December 16,2019,Miami Heat,32,26,28,25,0,Memphis Grizzlies,36,37,22,23,0
08:00 PM, December 16,2019,Dallas Mavericks,36,23,27,34,0,Milwaukee Bucks,22,34,20,40,0
08:00 PM, December 16,2019,Chicago Bulls,37,31,22,16,0,Oklahoma City Thunder,16,33,33,27,0
09:00 PM, December 16,2019,Portland Trail Blazers,25,34,31,21,0,Phoenix Suns,33,34,21,22,0
07:00 PM, December 17,2019,Sacramento Kings,21,26,32,23,0,Charlotte Hornets,26,27,27,30,0
07:00 PM, December 17,2019,Los Angeles Lakers,28,24,24,26,0,Indiana Pacers,24,26,28,27,0
07:30 PM, December 17,2019,Atlanta Hawks,27,26,31,36,0,New York Knicks,41,36,32,34,0
08:00 PM, December 17,2019,Brooklyn Nets,21,21,19,32,15,New Orleans Pelicans,21,14,29,29,8
09:00 PM, December 17,2019,Orlando Magic,20,27,24,31,0,Utah Jazz,26,32,24,27,0
10:30 PM, December 17,2019,Phoenix Suns,23,21,25,30,0,LA Clippers,31,23,36,30,0
07:00 PM, December 18,2019,Charlotte Hornets,21,20,23,34,0,Cleveland Cavaliers,29,24,23,24,0
07:00 PM, December 18,2019,Toronto Raptors,30,40,26,16,0,Detroit Pistons,29,35,15,20,0
07:00 PM, December 18,2019,Chicago Bulls,23,29,21,25,12,Washington Wizards,27,31,27,13,11
07:00 PM, December 18,2019,Miami Heat,19,37,26,26,0,Philadelphia 76ers,29,19,26,30,0
08:00 PM, December 18,2019,New Orleans Pelicans,32,31,24,20,0,Minnesota Timberwolves,25,25,22,27,0
08:00 PM, December 18,2019,Memphis Grizzlies,32,36,32,22,0,Oklahoma City Thunder,27,32,34,33,0
09:00 PM, December 18,2019,Orlando Magic,32,28,16,28,0,Denver Nuggets,27,18,39,29,0
09:30 PM, December 18,2019,Boston Celtics,29,21,26,33,0,Dallas Mavericks,29,26,18,30,0
10:00 PM, December 18,2019,Golden State Warriors,29,37,26,20,0,Portland Trail Blazers,40,27,30,25,0
07:30 PM, December 19,2019,Utah Jazz,28,24,31,28,0,Atlanta Hawks,30,26,28,22,0
08:00 PM, December 19,2019,Los Angeles Lakers,17,29,35,23,0,Milwaukee Bucks,23,42,24,22,0
08:30 PM, December 19,2019,Brooklyn Nets,33,23,25,24,0,San Antonio Spurs,27,23,33,35,0
10:30 PM, December 19,2019,Houston Rockets,27,27,36,32,0,LA Clippers,28,41,18,30,0
07:00 PM, December 20,2019,Memphis Grizzlies,27,24,36,20,0,Cleveland Cavaliers,25,30,26,33,0
07:00 PM, December 20,2019,Sacramento Kings,32,25,22,26,0,Indiana Pacers,30,38,24,27,0
07:30 PM, December 20,2019,Detroit Pistons,26,22,21,24,0,Boston Celtics,28,32,31,23,0
07:30 PM, December 20,2019,Washington Wizards,23,29,33,33,0,Toronto Raptors,40,28,28,26,0
08:00 PM, December 20,2019,New York Knicks,20,27,27,40,0,Miami Heat,39,31,28,31,0
08:00 PM, December 20,2019,Dallas Mavericks,35,28,25,29,0,Philadelphia 76ers,28,29,20,21,0
08:00 PM, December 20,2019,Phoenix Suns,23,27,41,17,0,Oklahoma City Thunder,26,31,44,25,0
09:00 PM, December 20,2019,Minnesota Timberwolves,20,31,24,25,0,Denver Nuggets,33,28,21,27,0
10:00 PM, December 20,2019,Orlando Magic,13,31,31,28,0,Portland Trail Blazers,31,26,36,25,0
10:30 PM, December 20,2019,New Orleans Pelicans,16,28,37,21,0,Golden State Warriors,31,25,22,28,0
05:00 PM, December 21,2019,Utah Jazz,31,25,28,30,0,Charlotte Hornets,33,31,22,21,0
06:00 PM, December 21,2019,Atlanta Hawks,34,39,25,14,0,Brooklyn Nets,34,26,25,37,0
07:00 PM, December 21,2019,Chicago Bulls,25,28,40,26,0,Detroit Pistons,28,31,30,18,0
07:00 PM, December 21,2019,Washington Wizards,25,28,27,28,0,Philadelphia 76ers,32,33,23,37,0
07:30 PM, December 21,2019,Milwaukee Bucks,37,31,27,28,0,New York Knicks,23,31,16,32,0
08:00 PM, December 21,2019,Sacramento Kings,21,29,28,37,0,Memphis Grizzlies,23,37,31,28,0
08:30 PM, December 21,2019,LA Clippers,33,39,38,24,0,San Antonio Spurs,31,30,22,26,0
09:00 PM, December 21,2019,Houston Rockets,36,34,36,33,0,Phoenix Suns,35,30,30,30,0
10:00 PM, December 21,2019,Minnesota Timberwolves,23,29,28,26,0,Portland Trail Blazers,27,34,22,30,0
03:30 PM, December 22,2019,Dallas Mavericks,17,34,35,21,0,Toronto Raptors,20,22,21,47,0
06:00 PM, December 22,2019,Charlotte Hornets,37,19,21,16,0,Boston Celtics,30,29,25,35,0
07:00 PM, December 22,2019,Indiana Pacers,22,33,18,16,0,Milwaukee Bucks,21,38,24,34,0
07:00 PM, December 22,2019,LA Clippers,33,30,26,23,0,Oklahoma City Thunder,27,30,29,32,0
09:30 PM, December 22,2019,Denver Nuggets,23,32,36,37,0,Los Angeles Lakers,28,25,25,26,0
07:00 PM, December 23,2019,Atlanta Hawks,32,32,30,24,0,Cleveland Cavaliers,42,29,23,27,0
07:00 PM, December 23,2019,Philadelphia 76ers,30,30,34,31,0,Detroit Pistons,23,29,34,23,0
07:00 PM, December 23,2019,Toronto Raptors,19,25,35,28,8,Indiana Pacers,30,24,24,29,13
07:00 PM, December 23,2019,Washington Wizards,32,31,31,27,0,New York Knicks,37,27,27,24,0
07:00 PM, December 23,2019,Chicago Bulls,28,26,27,14,0,Orlando Magic,28,23,32,20,0
07:30 PM, December 23,2019,Utah Jazz,28,24,29,23,0,Miami Heat,32,21,23,31,0
08:00 PM, December 23,2019,San Antonio Spurs,46,26,36,37,0,Memphis Grizzlies,31,30,28,26,0
09:00 PM, December 23,2019,Denver Nuggets,34,22,26,31,0,Phoenix Suns,22,27,32,30,0
10:00 PM, December 23,2019,New Orleans Pelicans,31,23,28,20,0,Portland Trail Blazers,31,25,21,17,0
10:00 PM, December 23,2019,Houston Rockets,37,28,32,16,0,Sacramento Kings,21,36,22,25,0
10:30 PM, December 23,2019,Minnesota Timberwolves,22,21,24,37,0,Golden State Warriors,22,35,27,29,0
12:00 PM, December 25,2019,Boston Celtics,28,27,33,30,0,Toronto Raptors,19,28,22,33,0
02:30 PM, December 25,2019,Milwaukee Bucks,30,18,25,36,0,Philadelphia 76ers,38,31,31,21,0
05:00 PM, December 25,2019,Houston Rockets,29,39,19,17,0,Golden State Warriors,28,36,28,24,0
08:00 PM, December 25,2019,LA Clippers,31,20,35,25,0,Los Angeles Lakers,33,30,23,20,0
10:30 PM, December 25,2019,New Orleans Pelicans,29,29,26,28,0,Denver Nuggets,26,29,25,20,0
07:00 PM, December 26,2019,Washington Wizards,23,25,28,26,0,Detroit Pistons,31,37,38,26,0
07:30 PM, December 26,2019,New York Knicks,24,22,33,15,0,Brooklyn Nets,15,26,20,21,0
08:00 PM, December 26,2019,Memphis Grizzlies,23,26,37,24,0,Oklahoma City Thunder,18,29,27,23,0
08:00 PM, December 26,2019,San Antonio Spurs,24,23,27,24,0,Dallas Mavericks,20,32,27,23,0
10:00 PM, December 26,2019,Minnesota Timberwolves,21,29,21,19,15,Sacramento Kings,26,22,31,11,14
10:30 PM, December 26,2019,Portland Trail Blazers,22,30,24,39,0,Utah Jazz,37,25,34,25,0
04:00 PM, December 27,2019,Cleveland Cavaliers,22,25,34,36,0,Boston Celtics,33,29,30,37,0
07:00 PM, December 27,2019,Oklahoma City Thunder,26,27,19,22,10,Charlotte Hornets,18,25,22,29,8
07:00 PM, December 27,2019,Philadelphia 76ers,21,26,21,29,0,Orlando Magic,19,27,25,27,0
07:30 PM, December 27,2019,Milwaukee Bucks,32,31,21,28,0,Atlanta Hawks,19,21,23,23,0
08:00 PM, December 27,2019,Indiana Pacers,27,28,27,30,0,Miami Heat,25,33,26,29,0
10:30 PM, December 27,2019,Phoenix Suns,29,22,27,18,0,Golden State Warriors,25,18,23,39,0
05:00 PM, December 28,2019,Memphis Grizzlies,11,28,29,42,0,Denver Nuggets,26,24,32,37,0
07:00 PM, December 28,2019,Toronto Raptors,36,23,30,24,0,Boston Celtics,25,29,25,18,0
07:00 PM, December 28,2019,Indiana Pacers,32,13,23,30,0,New Orleans Pelicans,19,29,38,34,0
08:00 PM, December 28,2019,Philadelphia 76ers,33,26,20,29,8,Miami Heat,28,26,31,23,9
08:00 PM, December 28,2019,New York Knicks,33,26,27,21,0,Washington Wizards,23,35,20,22,0
08:00 PM, December 28,2019,Atlanta Hawks,19,24,22,16,0,Chicago Bulls,35,29,19,33,0
08:00 PM, December 28,2019,Brooklyn Nets,20,34,25,19,0,Houston Rockets,42,21,25,20,0
08:00 PM, December 28,2019,Cleveland Cavaliers,27,22,18,27,0,Minnesota Timberwolves,21,22,17,28,0
08:30 PM, December 28,2019,Orlando Magic,25,21,28,26,0,Milwaukee Bucks,37,19,22,33,0
08:30 PM, December 28,2019,Detroit Pistons,28,27,25,29,0,San Antonio Spurs,30,29,42,35,0
08:30 PM, December 28,2019,Dallas Mavericks,41,31,45,24,0,Golden State Warriors,41,33,24,23,0
09:00 PM, December 28,2019,Phoenix Suns,31,28,22,31,0,Sacramento Kings,30,19,28,33,0
10:00 PM, December 28,2019,Los Angeles Lakers,34,37,32,25,0,Portland Trail Blazers,32,32,31,25,0
10:30 PM, December 28,2019,Utah Jazz,22,39,32,27,0,LA Clippers,32,31,29,15,0
06:00 PM, December 29,2019,Oklahoma City Thunder,22,25,29,22,0,Toronto Raptors,20,27,33,17,0
08:00 PM, December 29,2019,Charlotte Hornets,20,26,29,29,0,Memphis Grizzlies,31,25,30,31,0
08:00 PM, December 29,2019,Houston Rockets,37,27,29,19,0,New Orleans Pelicans,36,28,22,41,0
08:00 PM, December 29,2019,Sacramento Kings,32,25,24,34,0,Denver Nuggets,31,31,26,32,0
09:30 PM, December 29,2019,Dallas Mavericks,19,24,26,26,0,Los Angeles Lakers,25,29,30,24,0
07:00 PM, December 30,2019,Atlanta Hawks,25,22,27,27,0,Orlando Magic,21,36,15,21,0
07:00 PM, December 30,2019,Miami Heat,39,24,18,24,0,Washington Wizards,29,42,19,33,0
08:00 PM, December 30,2019,Milwaukee Bucks,31,24,40,28,0,Chicago Bulls,20,32,25,25,0
08:00 PM, December 30,2019,Brooklyn Nets,29,21,30,23,12,Minnesota Timberwolves,27,22,25,29,19
09:00 PM, December 30,2019,Detroit Pistons,21,19,18,23,0,Utah Jazz,19,20,29,36,0
10:00 PM, December 30,2019,Phoenix Suns,19,36,28,39,0,Portland Trail Blazers,38,26,25,27,0
03:00 PM, December 31,2019,Boston Celtics,24,26,30,29,0,Charlotte Hornets,18,25,30,19,0
03:00 PM, December 31,2019,Philadelphia 76ers,27,16,23,31,0,Indiana Pacers,29,38,29,19,0
05:00 PM, December 31,2019,LA Clippers,28,29,31,17,0,Sacramento Kings,23,17,33,14,0
07:00 PM, December 31,2019,Cleveland Cavaliers,25,18,26,28,0,Toronto Raptors,27,32,27,31,0
07:00 PM, December 31,2019,Denver Nuggets,26,26,37,15,0,Houston Rockets,38,31,23,38,0
07:00 PM, December 31,2019,Golden State Warriors,32,23,20,25,13,San Antonio Spurs,25,28,24,23,17
08:00 PM, December 31,2019,Dallas Mavericks,32,19,27,23,0,Oklahoma City Thunder,20,30,27,29,0
06:00 PM, January 1,2020,Orlando Magic,31,31,32,28,0,Washington Wizards,29,29,25,18,0
07:30 PM, January 1,2020,Portland Trail Blazers,27,21,29,16,0,New York Knicks,25,26,32,34,0
08:00 PM, January 1,2020,Minnesota Timberwolves,23,28,20,33,0,Milwaukee Bucks,19,33,25,29,0
10:30 PM, January 1,2020,Phoenix Suns,17,24,38,28,0,Los Angeles Lakers,43,31,27,16,0
07:00 PM, January 2,2020,Charlotte Hornets,31,21,30,27,0,Cleveland Cavaliers,29,30,26,21,0
07:00 PM, January 2,2020,Denver Nuggets,27,35,30,32,0,Indiana Pacers,37,27,24,28,0
07:30 PM, January 2,2020,Toronto Raptors,20,19,21,16,0,Miami Heat,18,24,21,21,0
08:00 PM, January 2,2020,Utah Jazz,25,22,29,26,0,Chicago Bulls,22,29,19,28,0
08:00 PM, January 2,2020,Golden State Warriors,19,22,26,17,0,Minnesota Timberwolves,34,24,23,18,0
08:30 PM, January 2,2020,Brooklyn Nets,30,35,28,18,0,Dallas Mavericks,31,29,33,30,0
08:30 PM, January 2,2020,Oklahoma City Thunder,27,19,28,35,0,San Antonio Spurs,27,28,21,27,0
10:00 PM, January 2,2020,Memphis Grizzlies,42,18,37,26,0,Sacramento Kings,26,37,27,38,0
10:30 PM, January 2,2020,Detroit Pistons,33,30,16,33,0,LA Clippers,30,39,37,20,0
07:00 PM, January 3,2020,Atlanta Hawks,32,23,25,26,0,Boston Celtics,19,34,29,27,0
07:00 PM, January 3,2020,Miami Heat,22,22,35,6,0,Orlando Magic,27,29,28,21,0
07:00 PM, January 3,2020,Portland Trail Blazers,27,39,25,31,0,Washington Wizards,31,27,20,25,0
08:00 PM, January 3,2020,Philadelphia 76ers,27,26,31,24,0,Houston Rockets,20,40,36,22,0
09:00 PM, January 3,2020,New York Knicks,37,24,26,25,0,Phoenix Suns,29,22,32,37,0
10:30 PM, January 3,2020,New Orleans Pelicans,30,32,21,30,0,Los Angeles Lakers,42,32,31,18,0
03:30 PM, January 4,2020,Memphis Grizzlies,40,25,39,36,0,LA Clippers,27,30,23,34,0
06:00 PM, January 4,2020,Toronto Raptors,24,24,35,38,0,Brooklyn Nets,33,19,28,22,0
07:00 PM, January 4,2020,Utah Jazz,33,19,24,33,0,Orlando Magic,25,22,28,21,0
07:30 PM, January 4,2020,Indiana Pacers,26,34,35,16,0,Atlanta Hawks,43,21,32,20,0
07:30 PM, January 4,2020,Oklahoma City Thunder,34,32,25,30,0,Cleveland Cavaliers,27,26,26,27,0
08:00 PM, January 4,2020,Denver Nuggets,19,36,35,24,0,Washington Wizards,31,30,34,33,0
08:00 PM, January 4,2020,Boston Celtics,30,25,30,26,0,Chicago Bulls,28,24,21,31,0
08:30 PM, January 4,2020,Charlotte Hornets,32,25,23,23,20,Dallas Mavericks,20,24,40,19,17
08:30 PM, January 4,2020,San Antonio Spurs,31,35,25,27,0,Milwaukee Bucks,29,42,32,24,0
08:30 PM, January 4,2020,Detroit Pistons,25,31,27,28,0,Golden State Warriors,23,36,21,24,0
10:00 PM, January 4,2020,New Orleans Pelicans,25,27,24,41,0,Sacramento Kings,26,22,32,35,0
03:30 PM, January 5,2020,New York Knicks,45,24,31,32,0,LA Clippers,29,47,38,21,0
06:00 PM, January 5,2020,Portland Trail Blazers,19,27,35,30,0,Miami Heat,31,34,29,28,0
07:30 PM, January 5,2020,Minnesota Timberwolves,24,42,28,24,0,Cleveland Cavaliers,20,28,31,24,0
08:00 PM, January 5,2020,Memphis Grizzlies,27,35,34,25,0,Phoenix Suns,31,26,20,37,0
10:00 PM, January 5,2020,Detroit Pistons,22,25,32,20,0,Los Angeles Lakers,23,33,19,31,0
07:00 PM, January 6,2020,Indiana Pacers,27,15,37,36,0,Charlotte Hornets,29,15,21,39,0
07:00 PM, January 6,2020,Brooklyn Nets,22,17,32,18,0,Orlando Magic,20,32,23,26,0
07:00 PM, January 6,2020,Oklahoma City Thunder,31,21,34,27,0,Philadelphia 76ers,31,31,28,30,0
07:00 PM, January 6,2020,Boston Celtics,17,23,32,22,0,Washington Wizards,26,25,23,25,0
07:30 PM, January 6,2020,Denver Nuggets,29,35,27,32,0,Atlanta Hawks,31,25,30,29,0
08:00 PM, January 6,2020,Utah Jazz,35,33,27,33,0,New Orleans Pelicans,36,28,33,29,0
08:30 PM, January 6,2020,Chicago Bulls,27,28,27,28,0,Dallas Mavericks,33,28,27,30,0
08:30 PM, January 6,2020,Milwaukee Bucks,22,30,29,23,0,San Antonio Spurs,27,38,26,35,0
10:00 PM, January 6,2020,Golden State Warriors,19,21,24,34,0,Sacramento Kings,26,26,38,21,0
07:00 PM, January 7,2020,Detroit Pistons,27,27,30,31,0,Cleveland Cavaliers,29,38,28,18,0
07:00 PM, January 7,2020,Portland Trail Blazers,15,31,23,32,0,Toronto Raptors,24,32,22,21,0
07:30 PM, January 7,2020,Oklahoma City Thunder,27,22,25,27,10,Brooklyn Nets,23,25,29,24,2
08:00 PM, January 7,2020,Minnesota Timberwolves,32,24,28,28,0,Memphis Grizzlies,27,24,31,37,0
09:00 PM, January 7,2020,Sacramento Kings,26,27,25,36,0,Phoenix Suns,29,24,34,16,0
10:30 PM, January 7,2020,New York Knicks,21,24,25,17,0,Los Angeles Lakers,26,36,23,32,0
07:00 PM, January 8,2020,San Antonio Spurs,34,31,34,30,0,Boston Celtics,22,25,36,31,0
07:00 PM, January 8,2020,Toronto Raptors,29,31,22,18,12,Charlotte Hornets,31,24,26,19,10
07:00 PM, January 8,2020,Miami Heat,31,31,38,22,0,Indiana Pacers,23,26,23,36,0
07:00 PM, January 8,2020,Washington Wizards,23,29,20,17,0,Orlando Magic,32,37,28,26,0
07:30 PM, January 8,2020,Houston Rockets,45,32,22,23,0,Atlanta Hawks,29,33,23,30,0
07:30 PM, January 8,2020,Denver Nuggets,27,29,30,21,0,Dallas Mavericks,32,27,30,17,0
08:00 PM, January 8,2020,Chicago Bulls,21,27,27,33,0,New Orleans Pelicans,23,25,44,31,0
09:00 PM, January 8,2020,New York Knicks,29,24,16,35,0,Utah Jazz,39,33,23,33,0
10:00 PM, January 8,2020,Milwaukee Bucks,19,28,34,26,0,Golden State Warriors,19,20,33,26,0
07:00 PM, January 9,2020,Cleveland Cavaliers,26,24,31,21,13,Detroit Pistons,32,29,22,19,10
07:00 PM, January 9,2020,Boston Celtics,35,20,25,18,0,Philadelphia 76ers,26,22,29,32,0
08:00 PM, January 9,2020,Portland Trail Blazers,34,13,27,28,0,Minnesota Timberwolves,28,31,41,16,0
09:30 PM, January 9,2020,Houston Rockets,21,27,19,25,0,Oklahoma City Thunder,37,23,29,24,0
07:00 PM, January 10,2020,Atlanta Hawks,21,30,28,22,0,Washington Wizards,30,26,25,30,0
07:15 PM, January 10,2020,New Orleans Pelicans,33,34,28,28,0,New York Knicks,31,30,25,25,0
07:30 PM, January 10,2020,Miami Heat,42,27,20,24,0,Brooklyn Nets,32,25,32,28,0
08:00 PM, January 10,2020,Indiana Pacers,29,25,25,37,0,Chicago Bulls,27,19,26,33,0
08:00 PM, January 10,2020,San Antonio Spurs,32,25,41,23,0,Memphis Grizzlies,37,26,37,34,0
09:00 PM, January 10,2020,Orlando Magic,25,23,27,19,0,Phoenix Suns,27,31,19,21,0
09:00 PM, January 10,2020,Charlotte Hornets,13,25,24,30,0,Utah Jazz,29,32,26,22,0
09:45 PM, January 10,2020,Los Angeles Lakers,45,34,20,30,0,Dallas Mavericks,27,31,28,28,0
10:00 PM, January 10,2020,Milwaukee Bucks,34,19,37,37,0,Sacramento Kings,18,26,31,31,0
10:30 PM, January 10,2020,Golden State Warriors,20,33,30,17,0,LA Clippers,22,26,25,36,0
05:00 PM, January 11,2020,Minnesota Timberwolves,20,21,35,33,0,Houston Rockets,22,35,45,37,0
07:00 PM, January 11,2020,New Orleans Pelicans,24,33,25,23,0,Boston Celtics,41,31,42,26,0
07:00 PM, January 11,2020,Chicago Bulls,35,26,20,27,0,Detroit Pistons,20,29,22,28,0
08:00 PM, January 11,2020,Los Angeles Lakers,41,32,29,23,0,Oklahoma City Thunder,19,30,33,28,0
08:30 PM, January 11,2020,Philadelphia 76ers,22,28,16,25,0,Dallas Mavericks,20,21,32,36,0
09:00 PM, January 11,2020,Cleveland Cavaliers,23,28,34,26,0,Denver Nuggets,18,24,29,32,0
10:00 PM, January 11,2020,Milwaukee Bucks,32,32,33,25,0,Portland Trail Blazers,24,31,25,21,0
03:30 PM, January 12,2020,Miami Heat,31,29,34,27,0,New York Knicks,27,28,29,40,0
03:30 PM, January 12,2020,Utah Jazz,23,32,38,34,0,Washington Wizards,34,32,25,25,0
06:00 PM, January 12,2020,Atlanta Hawks,16,30,20,20,0,Brooklyn Nets,37,33,22,16,0
06:00 PM, January 12,2020,San Antonio Spurs,21,22,26,36,0,Toronto Raptors,28,23,31,22,0
06:00 PM, January 12,2020,Golden State Warriors,26,33,17,26,0,Memphis Grizzlies,27,33,35,27,0
08:00 PM, January 12,2020,LA Clippers,30,22,22,30,0,Denver Nuggets,29,37,23,25,0
08:00 PM, January 12,2020,Charlotte Hornets,24,21,26,21,0,Phoenix Suns,18,28,25,29,0
07:00 PM, January 13,2020,New Orleans Pelicans,32,31,26,13,15,Detroit Pistons,23,29,25,25,8
07:00 PM, January 13,2020,Philadelphia 76ers,23,26,20,26,0,Indiana Pacers,22,18,29,32,0
07:30 PM, January 13,2020,Chicago Bulls,14,23,34,30,0,Boston Celtics,28,27,28,30,0
08:00 PM, January 13,2020,Oklahoma City Thunder,30,33,29,25,0,Minnesota Timberwolves,33,27,19,25,0
10:00 PM, January 13,2020,Charlotte Hornets,26,20,43,23,0,Portland Trail Blazers,25,37,29,24,0
10:00 PM, January 13,2020,Orlando Magic,33,32,21,28,0,Sacramento Kings,25,27,33,27,0
10:30 PM, January 13,2020,Cleveland Cavaliers,27,21,22,29,0,Los Angeles Lakers,21,26,37,44,0
07:30 PM, January 14,2020,Phoenix Suns,25,26,32,27,0,Atlanta Hawks,28,28,28,39,0
07:30 PM, January 14,2020,Utah Jazz,30,29,29,30,0,Brooklyn Nets,26,19,29,33,0
08:00 PM, January 14,2020,Houston Rockets,37,24,22,27,0,Memphis Grizzlies,32,35,18,36,0
08:00 PM, January 14,2020,New York Knicks,23,17,36,26,0,Milwaukee Bucks,29,36,43,20,0
10:30 PM, January 14,2020,Dallas Mavericks,36,29,29,30,0,Golden State Warriors,26,21,24,26,0
10:30 PM, January 14,2020,Cleveland Cavaliers,26,24,21,32,0,LA Clippers,31,35,40,22,0
07:00 PM, January 15,2020,Detroit Pistons,27,30,34,25,0,Boston Celtics,24,35,23,21,0
07:00 PM, January 15,2020,Brooklyn Nets,28,29,33,16,0,Philadelphia 76ers,25,29,32,31,0
07:30 PM, January 15,2020,San Antonio Spurs,17,34,26,23,0,Miami Heat,24,27,24,31,0
08:00 PM, January 15,2020,Washington Wizards,26,34,20,26,0,Chicago Bulls,24,31,30,30,0
08:00 PM, January 15,2020,Indiana Pacers,24,30,22,28,0,Minnesota Timberwolves,30,29,18,22,0
08:00 PM, January 15,2020,Toronto Raptors,38,35,24,33,0,Oklahoma City Thunder,25,30,28,38,0
09:00 PM, January 15,2020,Charlotte Hornets,25,17,27,17,0,Denver Nuggets,28,29,17,26,0
09:30 PM, January 15,2020,Portland Trail Blazers,28,32,30,27,0,Houston Rockets,26,21,30,30,0
10:00 PM, January 15,2020,Dallas Mavericks,35,36,37,19,0,Sacramento Kings,31,36,26,30,0
10:30 PM, January 15,2020,Orlando Magic,35,30,24,30,0,Los Angeles Lakers,29,29,30,30,0
07:30 PM, January 16,2020,Phoenix Suns,25,33,32,31,0,New York Knicks,32,20,27,19,0
08:00 PM, January 16,2020,Boston Celtics,20,38,29,36,0,Milwaukee Bucks,36,40,30,22,0
08:00 PM, January 16,2020,Utah Jazz,28,21,42,31,10,New Orleans Pelicans,25,31,31,35,16
10:30 PM, January 16,2020,Denver Nuggets,19,26,28,40,21,Golden State Warriors,34,28,23,28,18
10:30 PM, January 16,2020,Orlando Magic,26,22,28,19,0,LA Clippers,34,33,24,31,0
07:00 PM, January 17,2020,Minnesota Timberwolves,26,35,32,21,0,Indiana Pacers,32,35,32,17,0
07:00 PM, January 17,2020,Chicago Bulls,24,23,24,18,0,Philadelphia 76ers,21,25,35,19,0
07:00 PM, January 17,2020,Washington Wizards,26,25,25,35,0,Toronto Raptors,38,27,35,40,0
08:00 PM, January 17,2020,Cleveland Cavaliers,25,31,20,33,0,Memphis Grizzlies,27,27,38,21,0
08:00 PM, January 17,2020,Miami Heat,40,21,31,23,0,Oklahoma City Thunder,26,21,31,30,0
08:30 PM, January 17,2020,Atlanta Hawks,29,38,21,33,0,San Antonio Spurs,27,31,41,21,0
09:30 PM, January 17,2020,Portland Trail Blazers,37,26,26,23,0,Dallas Mavericks,38,34,26,22,0
03:30 PM, January 18,2020,LA Clippers,33,39,30,31,0,New Orleans Pelicans,35,45,30,20,0
06:00 PM, January 18,2020,Milwaukee Bucks,30,27,36,24,0,Brooklyn Nets,22,20,29,26,0
07:00 PM, January 18,2020,Phoenix Suns,26,34,27,36,0,Boston Celtics,20,31,25,43,0
07:30 PM, January 18,2020,Detroit Pistons,36,35,32,33,0,Atlanta Hawks,29,26,21,27,0
07:30 PM, January 18,2020,Philadelphia 76ers,28,24,18,20,0,New York Knicks,25,21,23,18,0
08:00 PM, January 18,2020,Cleveland Cavaliers,33,40,29,14,0,Chicago Bulls,31,25,31,31,0
08:00 PM, January 18,2020,Toronto Raptors,32,26,31,33,0,Minnesota Timberwolves,39,23,22,28,0
08:30 PM, January 18,2020,Los Angeles Lakers,27,32,32,33,0,Houston Rockets,34,31,17,33,0
08:30 PM, January 18,2020,Orlando Magic,25,27,19,24,0,Golden State Warriors,28,25,29,27,0
09:00 PM, January 18,2020,Portland Trail Blazers,24,33,20,29,0,Oklahoma City Thunder,32,32,23,32,0
09:00 PM, January 18,2020,Sacramento Kings,22,27,28,24,0,Utah Jazz,38,25,32,28,0
03:00 PM, January 19,2020,Miami Heat,31,23,30,18,0,San Antonio Spurs,28,32,26,21,0
08:00 PM, January 19,2020,Indiana Pacers,15,29,30,41,0,Denver Nuggets,21,29,31,26,0
02:00 PM, January 20,2020,Detroit Pistons,35,23,23,19,0,Washington Wizards,30,30,23,23,0
02:30 PM, January 20,2020,Toronto Raptors,36,21,26,39,0,Atlanta Hawks,25,35,22,35,0
03:00 PM, January 20,2020,Philadelphia 76ers,29,35,26,27,0,Brooklyn Nets,32,36,23,20,0
05:00 PM, January 20,2020,Orlando Magic,19,32,21,34,0,Charlotte Hornets,27,18,20,18,0
05:00 PM, January 20,2020,New York Knicks,26,23,30,27,0,Cleveland Cavaliers,26,24,14,22,0
05:00 PM, January 20,2020,Sacramento Kings,24,34,20,27,8,Miami Heat,21,35,20,29,13
05:00 PM, January 20,2020,Oklahoma City Thunder,22,35,14,41,0,Houston Rockets,25,39,23,20,0
05:00 PM, January 20,2020,New Orleans Pelicans,31,38,29,28,0,Memphis Grizzlies,30,20,27,39,0
05:00 PM, January 20,2020,Chicago Bulls,23,29,25,21,0,Milwaukee Bucks,30,23,31,27,0
07:30 PM, January 20,2020,Los Angeles Lakers,30,25,25,27,0,Boston Celtics,33,36,35,35,0
08:00 PM, January 20,2020,Denver Nuggets,26,29,26,26,0,Minnesota Timberwolves,29,25,25,21,0
09:00 PM, January 20,2020,San Antonio Spurs,28,38,30,24,0,Phoenix Suns,26,25,32,35,0
09:00 PM, January 20,2020,Indiana Pacers,23,21,19,25,0,Utah Jazz,29,27,24,38,0
10:00 PM, January 20,2020,Golden State Warriors,23,34,35,21,11,Portland Trail Blazers,27,26,34,26,16
08:30 PM, January 21,2020,LA Clippers,24,36,22,28,0,Dallas Mavericks,24,25,29,29,0
07:00 PM, January 22,2020,Sacramento Kings,27,23,25,31,0,Detroit Pistons,26,31,36,34,0
07:00 PM, January 22,2020,Oklahoma City Thunder,24,36,32,28,0,Orlando Magic,21,30,38,25,0
07:00 PM, January 22,2020,Philadelphia 76ers,35,15,22,23,0,Toronto Raptors,26,24,26,31,0
07:30 PM, January 22,2020,LA Clippers,32,28,15,20,0,Atlanta Hawks,16,25,28,33,0
07:30 PM, January 22,2020,Memphis Grizzlies,27,17,19,32,0,Boston Celtics,25,33,41,20,0
07:30 PM, January 22,2020,Washington Wizards,27,23,33,35,11,Miami Heat,30,39,21,28,16
07:30 PM, January 22,2020,Los Angeles Lakers,28,20,28,24,0,New York Knicks,25,23,22,22,0
08:00 PM, January 22,2020,Minnesota Timberwolves,26,26,27,31,0,Chicago Bulls,35,24,22,36,0
08:00 PM, January 22,2020,Denver Nuggets,28,15,28,34,0,Houston Rockets,35,25,32,29,0
09:00 PM, January 22,2020,Indiana Pacers,30,24,29,29,0,Phoenix Suns,24,24,17,22,0
09:30 PM, January 22,2020,San Antonio Spurs,31,29,34,27,0,New Orleans Pelicans,24,27,31,35,0
10:00 PM, January 22,2020,Utah Jazz,31,34,35,29,0,Golden State Warriors,17,26,26,27,0
07:00 PM, January 23,2020,Washington Wizards,29,39,32,24,0,Cleveland Cavaliers,24,37,25,26,0
08:00 PM, January 23,2020,Los Angeles Lakers,38,37,29,24,0,Brooklyn Nets,35,35,24,19,0
10:30 PM, January 23,2020,Dallas Mavericks,45,33,25,30,0,Portland Trail Blazers,37,26,27,35,0
03:00 PM, January 24,2020,Milwaukee Bucks,24,26,28,38,0,Charlotte Hornets,31,24,23,25,0
07:00 PM, January 24,2020,Memphis Grizzlies,35,31,26,33,0,Detroit Pistons,23,38,24,27,0
07:00 PM, January 24,2020,Boston Celtics,24,29,29,27,0,Orlando Magic,30,27,20,21,0
07:30 PM, January 24,2020,Toronto Raptors,20,36,29,33,0,New York Knicks,28,25,26,33,0
08:00 PM, January 24,2020,LA Clippers,22,41,38,21,0,Miami Heat,30,35,20,32,0
08:00 PM, January 24,2020,Sacramento Kings,29,25,21,23,0,Chicago Bulls,21,23,25,12,0
08:00 PM, January 24,2020,Houston Rockets,36,27,31,37,0,Minnesota Timberwolves,26,34,24,40,0
08:00 PM, January 24,2020,Denver Nuggets,37,26,31,19,0,New Orleans Pelicans,28,28,26,24,0
08:00 PM, January 24,2020,Atlanta Hawks,30,28,32,21,0,Oklahoma City Thunder,33,33,38,36,0
08:30 PM, January 24,2020,Phoenix Suns,22,34,22,25,0,San Antonio Spurs,28,16,28,27,0
10:30 PM, January 24,2020,Indiana Pacers,35,32,31,31,0,Golden State Warriors,30,21,35,32,0
05:00 PM, January 25,2020,Dallas Mavericks,36,22,26,23,0,Utah Jazz,25,30,25,32,0
07:00 PM, January 25,2020,Brooklyn Nets,26,24,30,26,15,Detroit Pistons,25,35,17,29,5
08:00 PM, January 25,2020,Chicago Bulls,25,34,40,19,0,Cleveland Cavaliers,31,26,19,30,0
08:00 PM, January 25,2020,Oklahoma City Thunder,28,24,39,22,0,Minnesota Timberwolves,22,26,24,32,0
08:30 PM, January 25,2020,Los Angeles Lakers,25,25,23,18,0,Philadelphia 76ers,35,24,26,23,0
03:30 PM, January 26,2020,Houston Rockets,36,23,30,21,0,Denver Nuggets,27,30,33,27,0
04:00 PM, January 26,2020,Toronto Raptors,37,26,23,24,0,San Antonio Spurs,21,30,34,21,0
06:00 PM, January 26,2020,Washington Wizards,33,39,30,31,0,Atlanta Hawks,31,47,41,33,0
06:00 PM, January 26,2020,Brooklyn Nets,28,24,24,21,0,New York Knicks,30,25,30,25,0
06:00 PM, January 26,2020,LA Clippers,26,28,31,27,0,Orlando Magic,28,24,20,25,0
06:00 PM, January 26,2020,Phoenix Suns,18,27,33,31,0,Memphis Grizzlies,30,26,25,33,0
06:00 PM, January 26,2020,Boston Celtics,20,22,39,27,0,New Orleans Pelicans,32,30,29,32,0
09:00 PM, January 26,2020,Indiana Pacers,27,29,37,36,0,Portland Trail Blazers,36,30,40,33,0
07:00 PM, January 27,2020,Cleveland Cavaliers,24,29,36,26,0,Detroit Pistons,23,22,27,28,0
07:30 PM, January 27,2020,Orlando Magic,21,27,23,21,0,Miami Heat,31,23,31,28,0
08:00 PM, January 27,2020,San Antonio Spurs,28,20,37,24,0,Chicago Bulls,21,29,25,35,0
08:00 PM, January 27,2020,Sacramento Kings,24,26,28,41,14,Minnesota Timberwolves,37,31,29,22,10
08:00 PM, January 27,2020,Dallas Mavericks,25,34,29,19,0,Oklahoma City Thunder,22,25,30,20,0
09:00 PM, January 27,2020,Houston Rockets,28,31,28,39,0,Utah Jazz,20,26,29,42,0
07:00 PM, January 28,2020,New York Knicks,26,24,16,26,0,Charlotte Hornets,15,32,21,29,0
07:00 PM, January 28,2020,Golden State Warriors,27,27,28,22,0,Philadelphia 76ers,26,33,27,29,0
07:30 PM, January 28,2020,New Orleans Pelicans,40,34,30,21,0,Cleveland Cavaliers,34,31,25,21,0
07:30 PM, January 28,2020,Atlanta Hawks,23,33,27,31,0,Toronto Raptors,33,35,29,33,0
08:00 PM, January 28,2020,Boston Celtics,36,17,27,29,0,Miami Heat,28,20,28,25,0
08:00 PM, January 28,2020,Denver Nuggets,18,32,16,30,0,Memphis Grizzlies,31,32,19,22,0
08:00 PM, January 28,2020,Washington Wizards,28,35,41,27,0,Milwaukee Bucks,42,46,29,34,0
08:30 PM, January 28,2020,Phoenix Suns,32,28,48,25,0,Dallas Mavericks,19,36,22,27,0
07:00 PM, January 29,2020,Chicago Bulls,24,27,29,20,6,Indiana Pacers,25,30,25,20,15
07:30 PM, January 29,2020,Detroit Pistons,30,38,25,22,0,Brooklyn Nets,32,38,29,26,0
07:30 PM, January 29,2020,Memphis Grizzlies,32,27,37,31,0,New York Knicks,32,20,32,22,0
08:30 PM, January 29,2020,Utah Jazz,29,33,32,26,0,San Antonio Spurs,37,33,28,29,0
10:00 PM, January 29,2020,Houston Rockets,36,24,22,30,0,Portland Trail Blazers,30,41,26,28,0
10:00 PM, January 29,2020,Oklahoma City Thunder,23,36,37,24,0,Sacramento Kings,16,31,29,24,0
07:00 PM, January 30,2020,Toronto Raptors,31,25,32,27,0,Cleveland Cavaliers,26,26,24,33,0
07:00 PM, January 30,2020,Charlotte Hornets,33,27,19,28,0,Washington Wizards,26,29,31,35,0
07:30 PM, January 30,2020,Philadelphia 76ers,31,36,25,25,0,Atlanta Hawks,39,35,25,28,0
08:00 PM, January 30,2020,Golden State Warriors,22,28,29,25,0,Boston Celtics,29,31,31,28,0
10:30 PM, January 30,2020,Utah Jazz,23,25,22,30,0,Denver Nuggets,21,22,33,30,0
10:30 PM, January 30,2020,Sacramento Kings,28,36,21,39,0,LA Clippers,33,14,24,32,0
07:00 PM, January 31,2020,Toronto Raptors,30,30,18,27,0,Detroit Pistons,20,27,22,23,0
07:30 PM, January 31,2020,Chicago Bulls,23,34,39,22,0,Brooklyn Nets,35,38,30,30,0
07:30 PM, January 31,2020,Dallas Mavericks,28,32,25,36,0,Houston Rockets,35,30,36,27,0
08:00 PM, January 31,2020,Memphis Grizzlies,22,37,27,25,0,New Orleans Pelicans,31,35,44,29,0
09:00 PM, January 31,2020,Denver Nuggets,35,25,40,27,0,Milwaukee Bucks,43,24,24,24,0
09:00 PM, January 31,2020,Oklahoma City Thunder,25,28,26,32,0,Phoenix Suns,27,25,29,26,0
10:00 PM, January 31,2020,Portland Trail Blazers,38,22,43,24,0,Los Angeles Lakers,36,26,34,23,0
03:30 PM, February 1,2020,Minnesota Timberwolves,32,23,31,20,0,LA Clippers,40,22,36,20,0
07:00 PM, February 1,2020,New York Knicks,24,26,22,20,0,Indiana Pacers,11,28,32,14,0
07:00 PM, February 1,2020,Miami Heat,28,29,19,26,0,Orlando Magic,25,24,18,22,0
08:00 PM, February 1,2020,Golden State Warriors,31,30,44,26,0,Cleveland Cavaliers,32,27,19,34,0
08:00 PM, February 1,2020,Brooklyn Nets,36,25,23,23,0,Washington Wizards,27,32,22,32,0
08:30 PM, February 1,2020,Philadelphia 76ers,19,32,16,28,0,Boston Celtics,32,27,27,30,0
08:30 PM, February 1,2020,Atlanta Hawks,26,23,23,28,0,Dallas Mavericks,36,26,35,26,0
09:00 PM, February 1,2020,Charlotte Hornets,28,35,11,16,0,San Antonio Spurs,30,20,29,35,0
10:00 PM, February 1,2020,Los Angeles Lakers,44,37,23,25,0,Sacramento Kings,22,42,25,24,0
10:30 PM, February 1,2020,Utah Jazz,34,19,30,24,0,Portland Trail Blazers,33,30,31,30,0
12:30 PM, February 2,2020,Denver Nuggets,44,21,24,22,12,Detroit Pistons,30,38,22,21,17
02:00 PM, February 2,2020,New Orleans Pelicans,28,32,33,16,0,Houston Rockets,30,35,27,25,0
02:00 PM, February 2,2020,Phoenix Suns,26,26,28,28,0,Milwaukee Bucks,30,37,30,32,0
03:00 PM, February 2,2020,Chicago Bulls,29,34,22,17,0,Toronto Raptors,32,28,35,34,0
07:00 PM, February 3,2020,Orlando Magic,25,31,29,27,0,Charlotte Hornets,24,30,23,23,0
07:00 PM, February 3,2020,New York Knicks,33,30,32,32,12,Cleveland Cavaliers,37,25,38,27,7
07:00 PM, February 3,2020,Dallas Mavericks,25,28,29,30,0,Indiana Pacers,22,33,22,26,0
07:00 PM, February 3,2020,Golden State Warriors,40,32,27,26,0,Washington Wizards,36,27,23,31,0
07:30 PM, February 3,2020,Boston Celtics,28,32,35,28,0,Atlanta Hawks,34,28,22,31,0
07:30 PM, February 3,2020,Phoenix Suns,31,21,21,24,0,Brooklyn Nets,35,20,35,29,0
07:30 PM, February 3,2020,Philadelphia 76ers,26,26,25,29,0,Miami Heat,30,26,41,40,0
08:00 PM, February 3,2020,Detroit Pistons,32,21,10,19,0,Memphis Grizzlies,36,17,19,24,0
10:00 PM, February 3,2020,Minnesota Timberwolves,20,30,34,25,0,Sacramento Kings,29,36,28,20,0
10:30 PM, February 3,2020,San Antonio Spurs,39,24,19,23,0,LA Clippers,29,25,31,23,0
07:30 PM, February 4,2020,Milwaukee Bucks,26,32,42,20,0,New Orleans Pelicans,33,28,24,23,0
08:00 PM, February 4,2020,Charlotte Hornets,34,29,25,22,0,Houston Rockets,22,40,30,33,0
09:00 PM, February 4,2020,Portland Trail Blazers,28,10,36,25,0,Denver Nuggets,37,27,36,27,0
10:00 PM, February 4,2020,San Antonio Spurs,19,22,33,28,0,Los Angeles Lakers,21,30,36,42,0
07:00 PM, February 5,2020,Phoenix Suns,31,30,25,22,0,Detroit Pistons,38,26,25,27,0
07:30 PM, February 5,2020,Orlando Magic,24,32,24,20,0,Boston Celtics,32,25,30,29,0
07:30 PM, February 5,2020,Golden State Warriors,25,22,17,24,0,Brooklyn Nets,40,28,27,34,0
07:30 PM, February 5,2020,Indiana Pacers,20,43,23,32,0,Toronto Raptors,30,18,34,37,0
08:00 PM, February 5,2020,Atlanta Hawks,36,28,32,31,0,Minnesota Timberwolves,24,32,21,43,0
08:00 PM, February 5,2020,Cleveland Cavaliers,28,25,28,22,0,Oklahoma City Thunder,29,32,23,25,0
08:30 PM, February 5,2020,Memphis Grizzlies,31,28,41,21,0,Dallas Mavericks,32,24,22,29,0
09:00 PM, February 5,2020,Denver Nuggets,25,24,23,26,0,Utah Jazz,32,25,18,20,0
10:00 PM, February 5,2020,Miami Heat,23,35,22,31,0,LA Clippers,25,30,37,36,0
07:30 PM, February 6,2020,Orlando Magic,19,28,36,20,0,New York Knicks,30,24,22,29,0
08:00 PM, February 6,2020,New Orleans Pelicans,32,40,31,22,0,Chicago Bulls,25,37,19,38,0
08:00 PM, February 6,2020,Philadelphia 76ers,26,25,23,27,0,Milwaukee Bucks,22,32,32,26,0
10:00 PM, February 6,2020,San Antonio Spurs,35,25,32,25,0,Portland Trail Blazers,27,32,27,39,0
10:30 PM, February 6,2020,Houston Rockets,28,35,34,24,0,Los Angeles Lakers,29,34,30,18,0
07:00 PM, February 7,2020,Memphis Grizzlies,25,19,22,41,0,Philadelphia 76ers,26,32,39,22,0
07:00 PM, February 7,2020,Dallas Mavericks,33,31,29,25,0,Washington Wizards,29,33,30,27,0
07:30 PM, February 7,2020,Atlanta Hawks,26,29,18,34,0,Boston Celtics,28,26,33,25,0
08:00 PM, February 7,2020,Toronto Raptors,36,28,23,28,0,Indiana Pacers,31,32,20,23,0
08:00 PM, February 7,2020,Detroit Pistons,24,23,21,33,0,Oklahoma City Thunder,29,23,26,30,0
09:00 PM, February 7,2020,Houston Rockets,26,29,18,18,0,Phoenix Suns,46,19,32,30,0
10:00 PM, February 7,2020,Miami Heat,28,22,26,21,0,Sacramento Kings,30,22,31,22,0
10:30 PM, February 7,2020,Portland Trail Blazers,38,34,17,25,0,Utah Jazz,32,26,30,29,0
05:00 PM, February 8,2020,Milwaukee Bucks,29,33,21,28,0,Orlando Magic,24,22,25,24,0
07:00 PM, February 8,2020,Dallas Mavericks,31,33,30,22,0,Charlotte Hornets,10,33,22,35,0
07:00 PM, February 8,2020,New York Knicks,17,31,19,28,0,Detroit Pistons,28,22,17,25,0
07:30 PM, February 8,2020,New Orleans Pelicans,31,29,28,36,0,Indiana Pacers,26,29,30,32,0
07:30 PM, February 8,2020,Brooklyn Nets,36,18,34,30,0,Toronto Raptors,33,33,34,19,0
08:00 PM, February 8,2020,LA Clippers,31,28,29,27,0,Minnesota Timberwolves,40,41,31,30,0
08:30 PM, February 8,2020,Los Angeles Lakers,33,33,30,29,0,Golden State Warriors,25,34,25,36,0
09:00 PM, February 8,2020,Denver Nuggets,28,27,28,34,0,Phoenix Suns,37,17,24,30,0
10:00 PM, February 8,2020,San Antonio Spurs,23,26,29,24,0,Sacramento Kings,24,28,37,33,0
03:30 PM, February 9,2020,Boston Celtics,28,24,32,28,0,Oklahoma City Thunder,32,29,23,27,0
06:00 PM, February 9,2020,New York Knicks,31,32,20,33,19,Atlanta Hawks,20,41,33,22,24
06:00 PM, February 9,2020,Chicago Bulls,25,30,28,28,0,Philadelphia 76ers,38,22,23,35,0
06:00 PM, February 9,2020,Memphis Grizzlies,18,29,33,26,0,Washington Wizards,30,25,30,14,0
07:00 PM, February 9,2020,Utah Jazz,25,29,27,33,0,Houston Rockets,33,25,25,30,0
07:30 PM, February 9,2020,LA Clippers,36,37,34,26,0,Cleveland Cavaliers,21,29,23,19,0
09:00 PM, February 9,2020,Miami Heat,36,24,23,26,0,Portland Trail Blazers,38,25,30,22,0
07:00 PM, February 10,2020,Charlotte Hornets,21,26,19,21,0,Detroit Pistons,11,26,22,17,0
07:00 PM, February 10,2020,Brooklyn Nets,30,21,26,29,0,Indiana Pacers,28,20,32,25,0
07:00 PM, February 10,2020,Atlanta Hawks,28,33,35,30,0,Orlando Magic,22,34,37,42,0
07:30 PM, February 10,2020,Minnesota Timberwolves,36,39,19,32,0,Toronto Raptors,40,34,32,31,0
08:00 PM, February 10,2020,Sacramento Kings,24,34,32,21,0,Milwaukee Bucks,38,19,31,35,0
08:30 PM, February 10,2020,Utah Jazz,32,39,29,23,0,Dallas Mavericks,24,26,34,35,0
09:00 PM, February 10,2020,San Antonio Spurs,40,27,26,27,0,Denver Nuggets,30,23,36,38,0
10:30 PM, February 10,2020,Miami Heat,24,38,21,30,0,Golden State Warriors,20,23,32,26,0
10:30 PM, February 10,2020,Phoenix Suns,30,22,23,25,0,Los Angeles Lakers,31,30,29,35,0
07:00 PM, February 11,2020,LA Clippers,22,32,23,26,0,Philadelphia 76ers,30,24,27,29,0
07:00 PM, February 11,2020,Chicago Bulls,26,36,20,32,0,Washington Wizards,36,33,31,26,0
08:00 PM, February 11,2020,Portland Trail Blazers,36,29,21,31,0,New Orleans Pelicans,27,36,41,34,0
08:00 PM, February 11,2020,San Antonio Spurs,25,24,30,35,0,Oklahoma City Thunder,14,27,36,29,0
09:30 PM, February 11,2020,Boston Celtics,19,30,22,34,0,Houston Rockets,23,24,31,38,0
07:00 PM, February 12,2020,Atlanta Hawks,19,29,32,25,0,Cleveland Cavaliers,33,32,33,29,0
07:00 PM, February 12,2020,Detroit Pistons,20,35,26,27,4,Orlando Magic,32,27,28,21,8
07:30 PM, February 12,2020,Toronto Raptors,19,21,25,26,0,Brooklyn Nets,23,29,23,26,0
07:30 PM, February 12,2020,Milwaukee Bucks,20,25,26,40,0,Indiana Pacers,34,34,14,36,0
07:30 PM, February 12,2020,Washington Wizards,25,21,31,37,0,New York Knicks,24,26,23,23,0
08:00 PM, February 12,2020,Portland Trail Blazers,27,36,19,22,0,Memphis Grizzlies,31,36,25,19,0
08:00 PM, February 12,2020,Charlotte Hornets,28,22,31,34,0,Minnesota Timberwolves,36,30,21,21,0
08:30 PM, February 12,2020,Sacramento Kings,28,24,25,34,0,Dallas Mavericks,32,31,33,34,0
09:00 PM, February 12,2020,Golden State Warriors,24,26,26,30,0,Phoenix Suns,34,24,29,25,0
09:00 PM, February 12,2020,Miami Heat,28,24,22,27,0,Utah Jazz,25,22,32,37,0
10:00 PM, February 12,2020,Los Angeles Lakers,23,38,23,27,9,Denver Nuggets,31,24,32,24,5
08:00 PM, February 13,2020,LA Clippers,32,26,29,27,19,Boston Celtics,30,30,31,23,27
08:00 PM, February 13,2020,Oklahoma City Thunder,29,37,32,25,0,New Orleans Pelicans,30,28,35,25,0
09:00 PM, February 14,2020,World,39,42,24,26,0,USA,30,41,44,36,0
07:00 PM, February 20,2020,Milwaukee Bucks,32,38,28,28,0,Detroit Pistons,18,23,30,35,0
07:30 PM, February 20,2020,Miami Heat,36,28,33,27,0,Atlanta Hawks,32,31,27,39,0
08:00 PM, February 20,2020,Brooklyn Nets,20,32,26,25,1,Philadelphia 76ers,26,16,35,26,9
08:00 PM, February 20,2020,Charlotte Hornets,33,27,19,24,0,Chicago Bulls,20,24,29,20,0
10:00 PM, February 20,2020,Memphis Grizzlies,35,26,29,35,0,Sacramento Kings,37,33,27,32,0
10:30 PM, February 20,2020,Houston Rockets,38,34,37,26,0,Golden State Warriors,17,33,27,28,0
07:00 PM, February 21,2020,Dallas Mavericks,34,30,27,31,0,Orlando Magic,18,34,32,22,0
07:00 PM, February 21,2020,Cleveland Cavaliers,32,29,20,32,0,Washington Wizards,41,25,21,21,0
07:30 PM, February 21,2020,Indiana Pacers,15,36,29,26,0,New York Knicks,20,24,21,33,0
07:30 PM, February 21,2020,Phoenix Suns,23,20,35,23,0,Toronto Raptors,31,36,26,25,0
08:00 PM, February 21,2020,Boston Celtics,24,37,34,32,0,Minnesota Timberwolves,20,33,35,29,0
08:00 PM, February 21,2020,Denver Nuggets,17,31,29,24,0,Oklahoma City Thunder,27,21,30,35,0
09:00 PM, February 21,2020,San Antonio Spurs,27,38,28,20,0,Utah Jazz,21,25,29,29,0
10:30 PM, February 21,2020,Memphis Grizzlies,22,19,36,28,0,Los Angeles Lakers,28,32,24,33,0
10:30 PM, February 21,2020,New Orleans Pelicans,40,33,29,26,0,Portland Trail Blazers,35,28,20,32,0
03:30 PM, February 22,2020,Sacramento Kings,25,29,34,24,0,LA Clippers,13,35,35,20,0
07:00 PM, February 22,2020,Brooklyn Nets,30,25,33,27,0,Charlotte Hornets,25,20,18,23,0
07:30 PM, February 22,2020,Dallas Mavericks,35,31,20,21,0,Atlanta Hawks,21,37,19,34,0
08:00 PM, February 22,2020,Cleveland Cavaliers,32,20,26,27,0,Miami Heat,38,44,24,18,0
08:00 PM, February 22,2020,Phoenix Suns,22,25,36,29,0,Chicago Bulls,24,33,23,24,0
08:30 PM, February 22,2020,Philadelphia 76ers,21,29,23,25,0,Milwaukee Bucks,31,25,37,26,0
09:00 PM, February 22,2020,Houston Rockets,38,24,38,20,0,Utah Jazz,36,30,19,25,0
03:30 PM, February 23,2020,Boston Celtics,19,35,33,25,0,Los Angeles Lakers,28,28,31,27,0
06:00 PM, February 23,2020,Indiana Pacers,12,20,23,26,0,Toronto Raptors,34,29,22,42,0
06:00 PM, February 23,2020,Minnesota Timberwolves,38,27,22,29,0,Denver Nuggets,43,30,24,31,0
07:00 PM, February 23,2020,Washington Wizards,31,27,27,32,0,Chicago Bulls,35,38,28,25,0
07:00 PM, February 23,2020,San Antonio Spurs,29,26,18,30,0,Oklahoma City Thunder,29,32,37,33,0
08:30 PM, February 23,2020,New Orleans Pelicans,29,17,31,38,0,Golden State Warriors,33,23,21,24,0
09:00 PM, February 23,2020,Detroit Pistons,24,27,34,19,0,Portland Trail Blazers,40,13,27,27,0
07:00 PM, February 24,2020,Miami Heat,29,39,31,12,8,Cleveland Cavaliers,21,35,24,31,14
07:00 PM, February 24,2020,Atlanta Hawks,24,28,40,20,0,Philadelphia 76ers,41,28,22,38,0
07:00 PM, February 24,2020,Milwaukee Bucks,30,27,38,28,14,Washington Wizards,25,22,35,41,11
07:30 PM, February 24,2020,Orlando Magic,22,19,40,34,0,Brooklyn Nets,27,27,33,26,0
08:00 PM, February 24,2020,New York Knicks,33,24,29,26,0,Houston Rockets,36,36,29,22,0
08:30 PM, February 24,2020,Minnesota Timberwolves,27,38,31,27,0,Dallas Mavericks,41,40,29,29,0
09:00 PM, February 24,2020,Phoenix Suns,27,35,37,32,0,Utah Jazz,35,27,26,23,0
10:30 PM, February 24,2020,Memphis Grizzlies,14,23,29,31,0,LA Clippers,40,26,24,34,0
07:00 PM, February 25,2020,Charlotte Hornets,25,19,11,25,0,Indiana Pacers,35,34,25,25,0
07:30 PM, February 25,2020,Milwaukee Bucks,25,25,34,24,0,Toronto Raptors,27,25,19,26,0
08:00 PM, February 25,2020,Oklahoma City Thunder,36,36,19,33,0,Chicago Bulls,28,27,38,29,0
09:00 PM, February 25,2020,Detroit Pistons,23,23,26,26,0,Denver Nuggets,29,30,23,33,0
10:00 PM, February 25,2020,New Orleans Pelicans,26,32,28,23,0,Los Angeles Lakers,30,34,24,30,0
10:00 PM, February 25,2020,Boston Celtics,28,28,29,33,0,Portland Trail Blazers,24,24,22,36,0
10:30 PM, February 25,2020,Sacramento Kings,33,22,26,31,0,Golden State Warriors,22,21,30,21,0
07:00 PM, February 26,2020,New York Knicks,27,19,29,26,0,Charlotte Hornets,30,26,29,22,0
07:00 PM, February 26,2020,Philadelphia 76ers,17,27,24,26,0,Cleveland Cavaliers,28,27,22,31,0
07:00 PM, February 26,2020,Brooklyn Nets,17,30,37,22,0,Washington Wizards,31,29,21,29,0
07:30 PM, February 26,2020,Orlando Magic,23,41,39,27,0,Atlanta Hawks,27,37,31,25,0
07:30 PM, February 26,2020,Minnesota Timberwolves,29,28,38,34,0,Miami Heat,28,32,34,32,0
08:00 PM, February 26,2020,Memphis Grizzlies,17,30,41,24,0,Houston Rockets,35,38,38,29,0
08:30 PM, February 26,2020,Dallas Mavericks,36,23,29,21,0,San Antonio Spurs,20,29,28,26,0
09:00 PM, February 26,2020,LA Clippers,21,33,22,26,0,Phoenix Suns,29,20,17,26,0
10:30 PM, February 26,2020,Boston Celtics,23,30,32,29,0,Utah Jazz,15,36,31,21,0
07:00 PM, February 27,2020,New York Knicks,21,25,33,27,0,Philadelphia 76ers,26,35,26,28,0
08:00 PM, February 27,2020,Portland Trail Blazers,24,25,26,25,0,Indiana Pacers,30,13,37,26,0
08:00 PM, February 27,2020,Sacramento Kings,27,34,21,26,0,Oklahoma City Thunder,25,25,31,31,0
10:30 PM, February 27,2020,Los Angeles Lakers,24,30,40,22,0,Golden State Warriors,24,28,17,17,0
07:00 PM, February 28,2020,Minnesota Timberwolves,35,30,31,29,0,Orlando Magic,35,34,34,33,0
07:30 PM, February 28,2020,Brooklyn Nets,36,26,36,20,0,Atlanta Hawks,29,39,40,33,0
07:30 PM, February 28,2020,Charlotte Hornets,25,27,21,26,0,Toronto Raptors,23,18,25,30,0
08:00 PM, February 28,2020,Dallas Mavericks,31,24,38,25,0,Miami Heat,31,32,25,38,0
08:00 PM, February 28,2020,Sacramento Kings,21,29,31,23,0,Memphis Grizzlies,30,17,28,26,0
08:00 PM, February 28,2020,Oklahoma City Thunder,24,23,22,17,0,Milwaukee Bucks,31,39,37,26,0
08:00 PM, February 28,2020,Cleveland Cavaliers,25,30,28,21,0,New Orleans Pelicans,43,27,25,21,0
09:00 PM, February 28,2020,Detroit Pistons,29,23,32,29,0,Phoenix Suns,24,29,26,32,0
09:00 PM, February 28,2020,Washington Wizards,28,32,21,38,0,Utah Jazz,31,27,32,39,0
10:30 PM, February 28,2020,Denver Nuggets,27,29,23,24,0,LA Clippers,37,29,32,34,0
05:00 PM, February 29,2020,Chicago Bulls,25,28,33,29,0,New York Knicks,31,35,23,36,0
07:30 PM, February 29,2020,Portland Trail Blazers,28,28,34,27,0,Atlanta Hawks,23,40,44,22,0
07:30 PM, February 29,2020,Brooklyn Nets,27,22,31,33,0,Miami Heat,24,33,34,25,0
08:00 PM, February 29,2020,Indiana Pacers,30,26,30,27,0,Cleveland Cavaliers,31,27,28,18,0
08:00 PM, February 29,2020,Los Angeles Lakers,25,21,20,22,0,Memphis Grizzlies,29,29,28,19,0
08:30 PM, February 29,2020,Houston Rockets,19,26,36,23,7,Boston Celtics,28,28,22,26,6
08:30 PM, February 29,2020,Orlando Magic,27,26,28,32,0,San Antonio Spurs,38,23,24,29,0
09:00 PM, February 29,2020,Golden State Warriors,28,33,31,23,0,Phoenix Suns,41,24,16,18,0
01:00 PM, March 1,2020,Milwaukee Bucks,26,19,25,23,0,Charlotte Hornets,20,23,25,17,0
03:30 PM, March 1,2020,Dallas Mavericks,28,35,18,30,0,Minnesota Timberwolves,24,20,21,26,0
03:30 PM, March 1,2020,Philadelphia 76ers,39,33,24,34,0,LA Clippers,34,36,38,28,0
06:00 PM, March 1,2020,Toronto Raptors,32,37,27,22,0,Denver Nuggets,40,33,27,33,0
06:00 PM, March 1,2020,Detroit Pistons,31,20,19,30,0,Sacramento Kings,16,34,26,30,0
08:00 PM, March 1,2020,Los Angeles Lakers,29,34,30,29,0,New Orleans Pelicans,33,28,34,19,0
08:30 PM, March 1,2020,Washington Wizards,35,28,31,30,0,Golden State Warriors,28,29,19,34,0
07:00 PM, March 2,2020,Utah Jazz,31,28,35,32,0,Cleveland Cavaliers,25,26,31,31,0
07:00 PM, March 2,2020,Houston Rockets,31,32,28,32,0,New York Knicks,36,37,28,24,0
07:00 PM, March 2,2020,Portland Trail Blazers,35,34,23,38,0,Orlando Magic,28,30,30,19,0
07:30 PM, March 2,2020,Memphis Grizzlies,24,28,32,43,0,Atlanta Hawks,23,26,19,20,0
07:30 PM, March 2,2020,Milwaukee Bucks,26,26,18,19,0,Miami Heat,31,22,28,24,0
08:00 PM, March 2,2020,Dallas Mavericks,29,29,17,32,0,Chicago Bulls,19,29,33,28,0
08:30 PM, March 2,2020,Indiana Pacers,26,40,26,24,0,San Antonio Spurs,34,23,27,27,0
07:00 PM, March 3,2020,San Antonio Spurs,19,30,28,27,0,Charlotte Hornets,36,22,18,27,0
07:30 PM, March 3,2020,Brooklyn Nets,28,15,24,51,11,Boston Celtics,33,23,28,34,2
08:00 PM, March 3,2020,Minnesota Timberwolves,28,44,37,30,0,New Orleans Pelicans,31,37,43,23,0
08:00 PM, March 3,2020,LA Clippers,38,21,30,20,0,Oklahoma City Thunder,27,20,23,24,0
09:00 PM, March 3,2020,Golden State Warriors,26,23,33,34,0,Denver Nuggets,25,33,23,19,0
09:00 PM, March 3,2020,Toronto Raptors,30,31,26,36,0,Phoenix Suns,39,29,18,28,0
10:00 PM, March 3,2020,Philadelphia 76ers,35,19,26,27,0,Los Angeles Lakers,28,37,31,24,0
10:00 PM, March 3,2020,Washington Wizards,23,26,46,31,0,Sacramento Kings,39,37,19,38,0
07:00 PM, March 4,2020,Boston Celtics,28,30,23,31,0,Cleveland Cavaliers,27,25,25,29,0
07:00 PM, March 4,2020,Oklahoma City Thunder,38,31,25,20,0,Detroit Pistons,32,32,18,25,0
07:00 PM, March 4,2020,Indiana Pacers,23,33,23,21,0,Milwaukee Bucks,36,22,31,30,0
07:30 PM, March 4,2020,Orlando Magic,26,29,29,29,0,Miami Heat,30,30,28,28,0
07:30 PM, March 4,2020,Memphis Grizzlies,22,30,30,36,0,Brooklyn Nets,23,22,20,14,0
07:30 PM, March 4,2020,Utah Jazz,35,29,29,19,0,New York Knicks,26,28,24,26,0
08:00 PM, March 4,2020,Chicago Bulls,29,29,21,29,0,Minnesota Timberwolves,22,33,33,27,0
09:30 PM, March 4,2020,New Orleans Pelicans,22,33,30,27,11,Dallas Mavericks,24,33,30,25,15
10:00 PM, March 4,2020,Washington Wizards,30,31,18,25,0,Portland Trail Blazers,37,35,28,25,0
07:00 PM, March 5,2020,Denver Nuggets,31,29,20,34,0,Charlotte Hornets,34,17,31,30,0
08:00 PM, March 5,2020,LA Clippers,33,34,23,30,0,Houston Rockets,23,21,21,40,0
10:00 PM, March 5,2020,Philadelphia 76ers,32,31,33,29,0,Sacramento Kings,30,23,27,28,0
10:30 PM, March 5,2020,Toronto Raptors,32,30,27,32,0,Golden State Warriors,27,28,33,25,0
07:00 PM, March 6,2020,Atlanta Hawks,34,23,18,37,0,Washington Wizards,33,31,29,25,0
07:30 PM, March 6,2020,San Antonio Spurs,22,32,41,25,0,Brooklyn Nets,41,34,45,19,0
07:30 PM, March 6,2020,Oklahoma City Thunder,27,34,34,31,0,New York Knicks,20,28,30,25,0
08:00 PM, March 6,2020,Utah Jazz,30,32,17,20,0,Boston Celtics,29,20,17,28,0
08:00 PM, March 6,2020,Indiana Pacers,29,33,27,19,0,Chicago Bulls,25,21,26,30,0
08:00 PM, March 6,2020,Orlando Magic,29,36,37,30,0,Minnesota Timberwolves,24,31,28,35,0
08:00 PM, March 6,2020,Miami Heat,26,25,23,30,0,New Orleans Pelicans,32,33,24,21,0
08:30 PM, March 6,2020,Memphis Grizzlies,28,21,16,31,0,Dallas Mavericks,33,28,34,26,0
09:00 PM, March 6,2020,Portland Trail Blazers,22,36,24,35,0,Phoenix Suns,34,33,28,32,0
10:30 PM, March 6,2020,Milwaukee Bucks,22,26,28,27,0,Los Angeles Lakers,19,29,39,26,0
05:00 PM, March 7,2020,Houston Rockets,17,26,33,23,0,Charlotte Hornets,30,27,25,26,0
07:00 PM, March 7,2020,Utah Jazz,28,27,24,32,0,Detroit Pistons,17,22,34,32,0
07:30 PM, March 7,2020,Denver Nuggets,33,28,22,19,0,Cleveland Cavaliers,23,35,27,19,0
08:00 PM, March 7,2020,Atlanta Hawks,18,27,33,23,0,Memphis Grizzlies,38,28,27,25,0
08:30 PM, March 7,2020,Philadelphia 76ers,26,31,33,24,0,Golden State Warriors,21,34,27,36,0
10:00 PM, March 7,2020,Sacramento Kings,40,37,23,23,0,Portland Trail Blazers,24,30,26,31,0
03:00 PM, March 8,2020,Chicago Bulls,23,27,20,37,0,Brooklyn Nets,22,36,19,33,0
03:30 PM, March 8,2020,New Orleans Pelicans,36,35,27,22,0,Minnesota Timberwolves,29,34,21,23,0
03:30 PM, March 8,2020,Los Angeles Lakers,27,22,36,27,0,LA Clippers,25,28,28,22,0
06:00 PM, March 8,2020,Oklahoma City Thunder,29,23,31,22,0,Boston Celtics,26,37,21,20,0
06:00 PM, March 8,2020,Milwaukee Bucks,28,31,32,40,0,Phoenix Suns,47,30,25,38,0
07:00 PM, March 8,2020,Miami Heat,29,28,15,28,0,Washington Wizards,23,31,18,17,0
07:00 PM, March 8,2020,Indiana Pacers,31,24,31,26,0,Dallas Mavericks,26,26,32,25,0
07:00 PM, March 8,2020,Orlando Magic,34,37,34,21,0,Houston Rockets,24,22,30,30,0
07:30 PM, March 8,2020,San Antonio Spurs,18,32,41,27,11,Cleveland Cavaliers,35,25,27,31,14
07:30 PM, March 8,2020,Detroit Pistons,22,25,24,13,0,New York Knicks,27,22,23,24,0
09:00 PM, March 8,2020,Toronto Raptors,22,29,27,40,0,Sacramento Kings,22,28,24,39,0
07:30 PM, March 9,2020,Charlotte Hornets,32,31,31,28,16,Atlanta Hawks,32,34,32,24,21
09:00 PM, March 9,2020,Milwaukee Bucks,24,30,17,24,0,Denver Nuggets,39,23,14,33,0
09:00 PM, March 9,2020,Toronto Raptors,27,30,19,25,0,Utah Jazz,22,29,19,22,0
07:00 PM, March 10,2020,Boston Celtics,30,29,35,20,0,Indiana Pacers,22,28,30,31,0
07:00 PM, March 10,2020,New York Knicks,31,39,17,28,0,Washington Wizards,36,18,33,35,0
08:00 PM, March 10,2020,Cleveland Cavaliers,29,23,26,25,0,Chicago Bulls,27,27,24,30,0
08:00 PM, March 10,2020,Minnesota Timberwolves,35,21,24,31,0,Houston Rockets,26,26,31,34,0
08:00 PM, March 10,2020,Orlando Magic,27,23,35,35,0,Memphis Grizzlies,35,28,23,29,0
08:00 PM, March 10,2020,Dallas Mavericks,29,30,26,24,0,San Antonio Spurs,27,27,29,36,0
10:00 PM, March 10,2020,Phoenix Suns,28,25,25,27,0,Portland Trail Blazers,36,18,28,39,0
10:30 PM, March 10,2020,LA Clippers,35,41,35,20,0,Golden State Warriors,26,22,29,30,0
10:30 PM, March 10,2020,Brooklyn Nets,27,29,31,17,0,Los Angeles Lakers,33,25,22,22,0
07:00 PM, March 11,2020,Detroit Pistons,29,26,29,22,0,Philadelphia 76ers,34,36,29,25,0
07:30 PM, March 11,2020,New York Knicks,33,34,29,22,18,Atlanta Hawks,24,26,28,40,13
07:30 PM, March 11,2020,Charlotte Hornets,22,37,28,22,0,Miami Heat,40,11,26,21,0
08:00 PM, March 11,2020,Denver Nuggets,29,21,35,12,0,Dallas Mavericks,33,24,27,29,0
06:30 PM, July 30,2020,Utah Jazz,23,25,31,27,0,New Orleans Pelicans,26,34,27,17,0
09:00 PM, July 30,2020,LA Clippers,23,29,25,24,0,Los Angeles Lakers,35,19,22,27,0
02:30 PM, July 31,2020,Orlando Magic,36,34,41,17,0,Brooklyn Nets,39,20,23,36,0
04:00 PM, July 31,2020,Memphis Grizzlies,30,30,36,28,11,Portland Trail Blazers,35,33,25,31,16
04:00 PM, July 31,2020,Phoenix Suns,38,29,22,36,0,Washington Wizards,31,21,29,31,0
06:30 PM, July 31,2020,Boston Celtics,25,33,29,25,0,Milwaukee Bucks,33,31,23,32,0
08:00 PM, July 31,2020,Sacramento Kings,30,35,27,28,0,San Antonio Spurs,43,21,32,33,0
09:00 PM, July 31,2020,Houston Rockets,42,33,33,31,14,Dallas Mavericks,42,43,34,20,10
01:00 PM, August 1,2020,Miami Heat,28,28,38,31,0,Denver Nuggets,26,31,22,26,0
03:30 PM, August 1,2020,Utah Jazz,15,27,20,32,0,Oklahoma City Thunder,29,37,20,24,0
06:00 PM, August 1,2020,New Orleans Pelicans,25,20,21,37,0,LA Clippers,37,40,26,23,0
07:00 PM, August 1,2020,Philadelphia 76ers,29,26,32,34,0,Indiana Pacers,35,26,20,46,0
08:30 PM, August 1,2020,Los Angeles Lakers,21,23,26,22,0,Toronto Raptors,23,18,31,35,0
02:00 PM, August 2,2020,Washington Wizards,21,33,31,25,0,Brooklyn Nets,24,30,29,35,0
03:30 PM, August 2,2020,Portland Trail Blazers,24,24,38,38,0,Boston Celtics,37,30,27,34,0
04:00 PM, August 2,2020,San Antonio Spurs,31,28,26,23,0,Memphis Grizzlies,25,29,22,30,0
06:00 PM, August 2,2020,Sacramento Kings,26,28,24,38,0,Orlando Magic,44,34,35,19,0
08:30 PM, August 2,2020,Milwaukee Bucks,29,25,36,26,0,Houston Rockets,32,30,27,31,0
09:00 PM, August 2,2020,Dallas Mavericks,35,38,19,23,0,Phoenix Suns,23,37,36,21,0
01:30 PM, August 3,2020,Toronto Raptors,23,25,36,23,0,Miami Heat,17,27,35,24,0
04:00 PM, August 3,2020,Denver Nuggets,23,27,28,31,12,Oklahoma City Thunder,22,29,30,28,4
04:00 PM, August 3,2020,Indiana Pacers,20,36,34,21,0,Washington Wizards,21,26,21,32,0
06:30 PM, August 3,2020,Memphis Grizzlies,22,29,23,25,0,New Orleans Pelicans,26,32,21,30,0
08:00 PM, August 3,2020,San Antonio Spurs,32,30,25,43,0,Philadelphia 76ers,35,29,35,33,0
09:00 PM, August 3,2020,Los Angeles Lakers,24,34,28,30,0,Utah Jazz,24,32,20,32,0
01:30 PM, August 4,2020,Brooklyn Nets,40,33,21,25,0,Milwaukee Bucks,34,31,23,28,0
02:30 PM, August 4,2020,Dallas Mavericks,27,29,19,20,19,Sacramento Kings,37,23,22,13,15
04:00 PM, August 4,2020,Phoenix Suns,27,36,32,22,0,LA Clippers,23,33,35,24,0
06:00 PM, August 4,2020,Orlando Magic,22,28,26,33,0,Indiana Pacers,43,28,21,28,0
06:30 PM, August 4,2020,Boston Celtics,28,23,32,23,0,Miami Heat,33,30,28,21,0
09:00 PM, August 4,2020,Houston Rockets,24,32,24,22,0,Portland Trail Blazers,29,32,25,24,0
02:30 PM, August 5,2020,Memphis Grizzlies,31,24,33,27,0,Utah Jazz,25,39,25,35,0
04:00 PM, August 5,2020,Philadelphia 76ers,26,28,23,30,0,Washington Wizards,20,27,27,24,0
04:00 PM, August 5,2020,Denver Nuggets,32,30,27,43,0,San Antonio Spurs,28,37,24,37,0
06:30 PM, August 5,2020,Oklahoma City Thunder,26,26,29,24,0,Los Angeles Lakers,18,27,21,20,0
08:00 PM, August 5,2020,Toronto Raptors,26,29,23,31,0,Orlando Magic,11,24,33,31,0
09:00 PM, August 5,2020,Brooklyn Nets,25,27,25,38,0,Boston Celtics,34,37,35,43,0
01:30 PM, August 6,2020,New Orleans Pelicans,39,31,33,22,0,Sacramento Kings,49,28,40,23,0
04:00 PM, August 6,2020,Miami Heat,34,39,25,18,0,Milwaukee Bucks,25,31,36,38,0
04:00 PM, August 6,2020,Indiana Pacers,23,25,27,24,0,Phoenix Suns,28,24,34,28,0
06:30 PM, August 6,2020,LA Clippers,23,36,32,35,0,Dallas Mavericks,22,36,29,24,0
08:00 PM, August 6,2020,Portland Trail Blazers,27,35,30,33,0,Denver Nuggets,26,23,38,28,0
09:00 PM, August 6,2020,Los Angeles Lakers,26,30,23,18,0,Houston Rockets,33,32,29,19,0
01:00 PM, August 7,2020,Utah Jazz,27,23,34,27,0,San Antonio Spurs,36,24,36,23,0
04:00 PM, August 7,2020,Oklahoma City Thunder,37,23,18,14,0,Memphis Grizzlies,25,38,32,26,0
05:00 PM, August 7,2020,Sacramento Kings,27,26,29,24,0,Brooklyn Nets,24,39,30,26,0
06:30 PM, August 7,2020,Orlando Magic,23,27,29,22,0,Philadelphia 76ers,25,23,29,31,0
08:00 PM, August 7,2020,Washington Wizards,32,24,25,26,0,New Orleans Pelicans,28,26,37,27,0
09:00 PM, August 7,2020,Boston Celtics,21,31,39,31,0,Toronto Raptors,14,23,20,43,0
01:00 PM, August 8,2020,LA Clippers,34,35,26,27,0,Portland Trail Blazers,37,38,21,21,0
03:30 PM, August 8,2020,Utah Jazz,29,34,25,17,27,Denver Nuggets,15,34,30,26,29
06:00 PM, August 8,2020,Los Angeles Lakers,24,35,22,30,0,Indiana Pacers,34,20,33,29,0
07:30 PM, August 8,2020,Phoenix Suns,25,35,28,31,0,Miami Heat,32,28,26,26,0
08:30 PM, August 8,2020,Milwaukee Bucks,32,39,20,28,13,Dallas Mavericks,35,27,31,26,17
12:30 PM, August 9,2020,Washington Wizards,23,25,27,28,0,Oklahoma City Thunder,32,32,26,31,0
02:00 PM, August 9,2020,Memphis Grizzlies,25,29,17,28,0,Toronto Raptors,20,40,28,20,0
03:00 PM, August 9,2020,San Antonio Spurs,27,35,19,41,0,New Orleans Pelicans,19,26,32,36,0
05:00 PM, August 9,2020,Orlando Magic,29,22,35,26,7,Boston Celtics,28,27,32,25,10
06:30 PM, August 9,2020,Philadelphia 76ers,19,39,34,29,0,Portland Trail Blazers,33,34,24,33,0
08:00 PM, August 9,2020,Houston Rockets,23,38,32,36,0,Sacramento Kings,36,20,15,41,0
09:00 PM, August 9,2020,Brooklyn Nets,45,29,24,31,0,LA Clippers,24,39,31,26,0
02:30 PM, August 10,2020,Oklahoma City Thunder,37,27,17,20,0,Phoenix Suns,23,42,33,30,0
03:00 PM, August 10,2020,Dallas Mavericks,30,24,34,34,0,Utah Jazz,38,32,30,14,0
06:30 PM, August 10,2020,Toronto Raptors,36,31,21,26,0,Milwaukee Bucks,31,22,22,31,0
08:00 PM, August 10,2020,Indiana Pacers,19,29,23,21,0,Miami Heat,23,25,37,29,0
09:00 PM, August 10,2020,Denver Nuggets,25,34,29,33,0,Los Angeles Lakers,31,33,24,36,0
01:00 PM, August 11,2020,Brooklyn Nets,34,26,25,23,0,Orlando Magic,22,21,29,24,0
02:00 PM, August 11,2020,Houston Rockets,25,24,29,27,0,San Antonio Spurs,31,35,32,25,0
04:30 PM, August 11,2020,Phoenix Suns,23,40,32,35,0,Philadelphia 76ers,27,31,32,27,0
05:00 PM, August 11,2020,Boston Celtics,24,32,27,39,0,Memphis Grizzlies,17,23,33,34,0
06:30 PM, August 11,2020,Portland Trail Blazers,38,28,32,36,0,Dallas Mavericks,31,27,37,36,0
09:00 PM, August 11,2020,New Orleans Pelicans,29,32,23,22,0,Sacramento Kings,27,35,32,18,0
09:00 PM, August 11,2020,Milwaukee Bucks,24,42,33,27,0,Washington Wizards,21,35,28,29,0
04:00 PM, August 12,2020,Indiana Pacers,29,22,28,29,0,Houston Rockets,33,17,27,27,0
06:30 PM, August 12,2020,Toronto Raptors,25,30,35,35,0,Philadelphia 76ers,32,30,26,33,0
08:00 PM, August 12,2020,Miami Heat,42,24,34,15,0,Oklahoma City Thunder,29,33,20,34,0
09:00 PM, August 12,2020,LA Clippers,26,24,40,34,0,Denver Nuggets,25,33,34,19,0
12:00 PM, August 13,2020,Washington Wizards,26,30,22,18,0,Boston Celtics,21,30,26,13,0
01:30 PM, August 13,2020,Sacramento Kings,30,36,41,29,0,Los Angeles Lakers,40,16,28,38,0
04:00 PM, August 13,2020,Milwaukee Bucks,21,29,24,32,0,Memphis Grizzlies,22,38,33,26,0
04:00 PM, August 13,2020,Dallas Mavericks,25,32,22,23,0,Phoenix Suns,36,40,28,24,0
06:30 PM, August 13,2020,San Antonio Spurs,24,26,27,35,0,Utah Jazz,41,20,26,31,0
09:00 PM, August 13,2020,Portland Trail Blazers,31,42,24,37,0,Brooklyn Nets,31,36,37,29,0
09:00 PM, August 13,2020,New Orleans Pelicans,31,30,26,40,0,Orlando Magic,34,43,22,34,0
01:30 PM, August 14,2020,Denver Nuggets,23,27,26,33,0,Toronto Raptors,31,27,27,32,0
04:00 PM, August 14,2020,Miami Heat,13,31,26,22,0,Indiana Pacers,28,30,26,25,0
06:30 PM, August 14,2020,Oklahoma City Thunder,22,25,16,24,16,LA Clippers,21,16,33,17,20
09:00 PM, August 14,2020,Philadelphia 76ers,39,32,32,31,0,Houston Rockets,26,21,30,19,0
